_id,processing_timestamp,applicant_info.zip_code,financials.credit_history_months,financials.debt_to_income,financials.savings_balance,decision.rejection_reason,loan_purpose,decision.interest_rate,decision.approved_amount,notes,annual_income,gender,date_of_birth,age,Shopping,Rent,Alcohol,Dining,Healthcare,Fitness,Entertainment,Insurance,Travel,Transportation,Utilities,Groceries,Education,Adult Entertainment,Gambling,total_spend_monthly,loan_approved
app_200,2024-01-15T00:00:00Z,10036,23,0.2,31212,algorithm_risk_score,,,,,73000.0,Male,2001-09-03,24,480.0,790.0,247.0,0.0,0.0,0.0,0.0,0.0,0.0,0.0,0.0,0.0,0.0,0.0,0.0,1517.0,0
app_037,,10032,51,0.18,17915,algorithm_risk_score,,,,,78000.0,Male,1992-03-31,33,0.0,608.0,0.0,96.0,243.0,0.0,0.0,0.0,0.0,0.0,0.0,0.0,0.0,0.0,0.0,947.0,0
app_215,,10075,41,0.21,37909,,vacation,3.7,59000.0,,61000.0,Male,1989-10-24,36,0.0,109.0,0.0,0.0,0.0,0.0,0.0,0.0,0.0,0.0,0.0,0.0,0.0,0.0,0.0,109.0,1
app_024,,10077,70,0.35,0,,,4.3,34000.0,,103000.0,Male,1983-04-25,42,0.0,0.0,0.0,0.0,0.0,575.0,0.0,0.0,0.0,0.0,0.0,0.0,0.0,0.0,0.0,575.0,1
app_184,2024-01-15T00:00:00Z,10080,14,0.23,31763,algorithm_risk_score,,,,,57000.0,Male,1999-05-21,26,0.0,0.0,0.0,0.0,0.0,0.0,463.0,0.0,0.0,0.0,0.0,0.0,0.0,0.0,0.0,463.0,0
app_275,,10019,33,0.05,49933,algorithm_risk_score,,,,,110000.0,Female,,,0.0,0.0,0.0,0.0,0.0,0.0,571.0,0.0,0.0,0.0,0.0,0.0,0.0,0.0,0.0,571.0,0
app_099,,10022,61,0.17,30159,,,5.6,27000.0,,55000.0,Male,,,0.0,0.0,0.0,458.0,0.0,0.0,0.0,0.0,0.0,0.0,0.0,0.0,0.0,0.0,0.0,458.0,1
app_246,,90223,31,0.29,21809,,auto,2.8,38000.0,,82000.0,Female,1991-11-10,34,0.0,0.0,0.0,0.0,478.0,0.0,0.0,0.0,0.0,0.0,0.0,0.0,0.0,0.0,0.0,478.0,1
app_042,,10044,43,0.41,15974,algorithm_risk_score,,,,,69000.0,Male,1990-04-05,35,0.0,0.0,0.0,468.0,0.0,0.0,0.0,153.0,0.0,0.0,0.0,0.0,0.0,0.0,0.0,621.0,0
app_348,,10080,5,0.41,13794,insufficient_credit_history,,,,,55000.0,Male,1989-10-10,36,0.0,0.0,0.0,0.0,0.0,199.0,0.0,0.0,851.0,0.0,0.0,0.0,0.0,0.0,0.0,1050.0,0
app_309,,90250,99,0.37,21769,,,5.1,72000.0,,63000.0,Female,1970-01-10,56,0.0,626.0,0.0,0.0,0.0,0.0,0.0,0.0,0.0,688.0,0.0,0.0,0.0,0.0,0.0,1314.0,1
app_320,,90286,58,0.35,13088,,,5.9,71000.0,,168000.0,Male,,,0.0,0.0,0.0,0.0,0.0,0.0,0.0,0.0,403.0,0.0,706.0,0.0,0.0,0.0,0.0,1109.0,1
app_007,,90284,77,0.08,21353,,,5.2,27000.0,,92000.0,Female,1989-06-13,36,0.0,0.0,0.0,0.0,416.0,0.0,0.0,0.0,0.0,290.0,0.0,0.0,0.0,0.0,0.0,706.0,1
app_439,,10019,72,0.12,50675,,,4.2,61000.0,,87000.0,Male,1976-04-19,49,685.0,0.0,0.0,838.0,0.0,97.0,0.0,0.0,0.0,0.0,0.0,0.0,0.0,0.0,0.0,1620.0,1
app_307,,10097,83,0.1,17420,,,6.1,57000.0,,53000.0,Male,,,482.0,0.0,0.0,0.0,0.0,0.0,0.0,0.0,0.0,0.0,0.0,0.0,0.0,0.0,0.0,482.0,1
app_064,,10009,64,0.37,40674,algorithm_risk_score,,,,,81000.0,Male,1992-06-22,33,433.0,0.0,0.0,0.0,0.0,409.0,0.0,0.0,0.0,0.0,0.0,0.0,0.0,0.0,0.0,842.0,0
app_101,,90255,0,0.3,15364,algorithm_risk_score,,,,,55000.0,Female,1997-03-23,28,0.0,0.0,0.0,0.0,0.0,0.0,464.0,0.0,0.0,0.0,0.0,527.0,0.0,0.0,0.0,991.0,0
app_133,,10022,72,0.16,33883,algorithm_risk_score,,,,,70000.0,Male,1989-07-10,36,0.0,0.0,0.0,407.0,0.0,0.0,0.0,319.0,0.0,0.0,0.0,0.0,0.0,0.0,0.0,726.0,0
app_214,,90277,84,0.31,41962,,debt_consolidation,4.1,57000.0,,116000.0,Female,1962-08-26,63,0.0,0.0,0.0,0.0,0.0,0.0,0.0,0.0,0.0,0.0,786.0,0.0,0.0,0.0,0.0,786.0,1
app_078,,90299,19,0.26,14054,insufficient_credit_history,,,,,47000.0,Female,1997-02-25,29,0.0,0.0,0.0,0.0,0.0,0.0,0.0,0.0,0.0,294.0,0.0,0.0,0.0,0.0,0.0,294.0,0
app_317,,10057,105,0.22,19039,,,4.9,80000.0,,45000.0,Male,1981-10-27,44,771.0,0.0,0.0,0.0,0.0,0.0,0.0,0.0,0.0,0.0,0.0,0.0,0.0,0.0,0.0,771.0,1
app_173,2024-01-15T00:00:00Z,90277,60,0.05,62581,algorithm_risk_score,,,,,115000.0,Female,,,0.0,0.0,0.0,0.0,0.0,0.0,0.0,0.0,0.0,0.0,803.0,0.0,734.0,0.0,0.0,1537.0,0
app_352,,90209,110,0.32,25826,,,4.4,58000.0,,104000.0,Female,1961-04-11,64,0.0,0.0,0.0,0.0,514.0,0.0,0.0,0.0,0.0,227.0,0.0,0.0,0.0,0.0,0.0,741.0,1
app_289,,10080,93,0.42,33650,,,4.1,29000.0,,77000.0,Male,,,361.0,0.0,0.0,0.0,0.0,0.0,0.0,0.0,0.0,0.0,0.0,0.0,0.0,0.0,0.0,361.0,1
app_458,,10006,45,0.37,28672,,,4.3,45000.0,,90000.0,Male,1978-02-16,48,0.0,0.0,247.0,0.0,0.0,0.0,0.0,0.0,0.0,0.0,0.0,424.0,0.0,0.0,0.0,671.0,1
app_080,,10075,58,0.39,18138,,,3.1,37000.0,,111000.0,Male,1989-01-08,37,0.0,0.0,0.0,314.0,0.0,0.0,0.0,0.0,0.0,0.0,821.0,0.0,0.0,0.0,0.0,1135.0,1
app_075,,,29,0.15,25894,,,5.1,22000.0,,61000.0,Unknown,,,121.0,0.0,0.0,0.0,0.0,0.0,882.0,0.0,0.0,59.0,0.0,0.0,0.0,0.0,0.0,1062.0,1
app_212,,90231,25,0.2,20787,algorithm_risk_score,personal,,,,50000.0,Female,1997-09-12,28,0.0,81.0,0.0,0.0,0.0,0.0,0.0,0.0,0.0,0.0,0.0,0.0,0.0,0.0,0.0,81.0,0
app_369,,90259,35,0.17,33980,algorithm_risk_score,,,,,102000.0,Female,1985-03-01,41,0.0,0.0,0.0,233.0,0.0,0.0,0.0,0.0,0.0,0.0,0.0,0.0,700.0,0.0,0.0,933.0,0
app_452,,90221,67,0.07,24654,algorithm_risk_score,,,,,66000.0,Female,1994-03-25,31,0.0,377.0,0.0,0.0,0.0,0.0,0.0,0.0,0.0,0.0,105.0,626.0,0.0,0.0,0.0,1108.0,0
app_127,,90261,78,0.15,28164,,,5.9,53000.0,,73000.0,Male,1968-12-30,57,0.0,0.0,0.0,739.0,0.0,0.0,581.0,0.0,0.0,0.0,379.0,0.0,0.0,0.0,0.0,1699.0,1
app_167,2024-01-15T00:00:00Z,90214,32,0.17,55374,algorithm_risk_score,,,,,105000.0,Female,1983-10-05,42,0.0,465.0,0.0,0.0,0.0,0.0,0.0,0.0,0.0,0.0,641.0,0.0,0.0,0.0,0.0,1106.0,0
app_274,,90235,51,0.39,27953,,,5.6,65000.0,,89000.0,Female,,,0.0,0.0,0.0,0.0,0.0,0.0,0.0,277.0,0.0,0.0,452.0,0.0,0.0,0.0,0.0,729.0,1
app_422,,90284,80,0.37,30248,algorithm_risk_score,,,,,108000.0,Female,1981-08-17,44,0.0,322.0,0.0,0.0,0.0,0.0,0.0,0.0,0.0,0.0,0.0,0.0,0.0,0.0,0.0,322.0,0
app_280,,10046,13,0.24,14728,insufficient_credit_history,,,,,57000.0,Male,1987-06-02,38,0.0,0.0,0.0,0.0,0.0,0.0,0.0,0.0,0.0,0.0,275.0,0.0,0.0,0.0,0.0,275.0,0
app_276,,90260,0,0.13,3388,algorithm_risk_score,,,,,30000.0,Female,,,0.0,0.0,0.0,0.0,592.0,0.0,0.0,0.0,0.0,0.0,0.0,248.0,0.0,0.0,0.0,840.0,0
app_386,,90283,96,0.35,41312,,,4.7,66000.0,,84000.0,Female,,,0.0,350.0,0.0,0.0,0.0,0.0,0.0,0.0,0.0,0.0,0.0,0.0,0.0,0.0,0.0,350.0,1
app_178,2024-01-15T00:00:00Z,10027,44,0.13,20921,,,3.8,44000.0,,52000.0,Male,,,0.0,189.0,0.0,0.0,0.0,570.0,0.0,0.0,0.0,0.0,0.0,0.0,0.0,0.0,0.0,759.0,1
app_441,,90268,20,0.12,23593,,,2.6,74000.0,,110000.0,Female,1986-05-12,39,0.0,0.0,0.0,0.0,0.0,894.0,0.0,0.0,0.0,0.0,0.0,0.0,0.0,0.0,0.0,894.0,1
app_285,,90226,16,0.17,13622,,,2.5,48000.0,,75000.0,Female,,,0.0,0.0,0.0,0.0,128.0,741.0,0.0,0.0,0.0,0.0,0.0,0.0,0.0,0.0,0.0,869.0,1
app_232,,90218,60,0.1,31187,,personal,2.8,48000.0,,129000.0,Female,1985-04-03,40,0.0,0.0,0.0,0.0,0.0,0.0,185.0,0.0,588.0,53.0,0.0,0.0,0.0,0.0,0.0,826.0,1
app_420,,10087,23,0.14,19007,,,3.4,66000.0,,81000.0,Female,,,0.0,0.0,0.0,0.0,0.0,0.0,0.0,0.0,0.0,0.0,65.0,0.0,0.0,0.0,0.0,65.0,1
app_130,,90252,62,0.09,30902,algorithm_risk_score,,,,,135000.0,Female,,,0.0,598.0,0.0,0.0,804.0,671.0,0.0,0.0,0.0,0.0,0.0,0.0,0.0,0.0,0.0,2073.0,0
app_169,2024-01-15T00:00:00Z,10014,45,0.11,61833,,,4.4,28000.0,,85000.0,Male,1986-06-12,39,0.0,0.0,0.0,0.0,0.0,0.0,0.0,623.0,0.0,0.0,0.0,0.0,0.0,0.0,0.0,623.0,1
app_108,,10057,62,0.42,29257,,,4.2,44000.0,,93000.0,Male,,,0.0,0.0,0.0,0.0,0.0,0.0,0.0,0.0,0.0,383.0,0.0,0.0,0.0,0.0,0.0,383.0,1
app_497,,90233,4,0.1,21540,algorithm_risk_score,,,,,48000.0,Male,,,0.0,0.0,0.0,0.0,0.0,0.0,0.0,0.0,0.0,0.0,0.0,423.0,0.0,0.0,0.0,423.0,0
app_174,2024-01-15T00:00:00Z,90237,31,0.34,34731,,,2.7,33000.0,,98000.0,Female,1990-01-15,36,0.0,0.0,0.0,0.0,0.0,98.0,0.0,0.0,0.0,0.0,0.0,0.0,0.0,0.0,0.0,98.0,1
app_010,,90250,62,0.25,6824,algorithm_risk_score,,,,,44000.0,Female,1996-07-09,29,0.0,0.0,0.0,0.0,0.0,0.0,0.0,0.0,0.0,0.0,866.0,0.0,0.0,0.0,0.0,866.0,0
app_486,,10040,95,0.09,35264,,,2.9,64000.0,,79000.0,Male,1963-09-15,62,0.0,0.0,0.0,0.0,0.0,0.0,0.0,0.0,0.0,777.0,0.0,0.0,0.0,0.0,0.0,777.0,1
app_367,,90212,64,0.33,36196,,,2.7,76000.0,,97000.0,Female,,,558.0,0.0,0.0,0.0,0.0,0.0,0.0,359.0,0.0,0.0,0.0,0.0,0.0,0.0,0.0,917.0,1
app_360,,30007,104,0.13,31281,,,2.8,53000.0,,107000.0,Male,1971-12-16,54,0.0,0.0,0.0,0.0,0.0,0.0,363.0,0.0,0.0,52.0,167.0,0.0,0.0,0.0,0.0,582.0,1
app_115,,90294,52,0.07,82257,,,3.6,23000.0,,123000.0,Female,1977-09-02,48,0.0,0.0,0.0,0.0,0.0,0.0,0.0,0.0,0.0,239.0,0.0,0.0,0.0,0.0,0.0,239.0,1
app_084,,90279,54,0.4,78286,,,4.0,50000.0,,160000.0,Female,1986-03-24,39,217.0,0.0,0.0,0.0,0.0,0.0,0.0,0.0,0.0,0.0,0.0,0.0,0.0,0.0,0.0,217.0,1
app_491,,10048,100,0.1,30078,algorithm_risk_score,,,,,79000.0,Female,1974-01-17,52,0.0,0.0,0.0,0.0,792.0,0.0,0.0,0.0,0.0,0.0,0.0,0.0,0.0,0.0,0.0,792.0,0
app_065,,10070,41,0.37,30645,algorithm_risk_score,,,,,109000.0,Female,1992-08-10,33,0.0,841.0,0.0,0.0,433.0,0.0,0.0,836.0,0.0,0.0,0.0,0.0,0.0,0.0,0.0,2110.0,0
app_148,2024-01-15T00:00:00Z,90261,72,0.37,35207,,,3.3,25000.0,,122000.0,Female,1982-11-08,43,887.0,0.0,0.0,0.0,0.0,0.0,0.0,719.0,0.0,0.0,0.0,0.0,0.0,0.0,0.0,1606.0,1
app_028,,10003,60,0.2,38832,algorithm_risk_score,,,,,90000.0,Female,1985-06-09,40,0.0,0.0,0.0,0.0,0.0,145.0,0.0,0.0,0.0,0.0,0.0,0.0,0.0,0.0,0.0,145.0,0
app_272,,90227,70,0.41,34365,algorithm_risk_score,,,,,79000.0,Female,1982-02-03,44,0.0,0.0,0.0,372.0,0.0,0.0,0.0,0.0,0.0,0.0,0.0,0.0,0.0,0.0,0.0,372.0,0
app_263,,10055,64,0.07,39627,,,5.0,68000.0,,153000.0,Male,1983-12-16,42,0.0,0.0,0.0,0.0,0.0,0.0,372.0,0.0,0.0,0.0,0.0,0.0,0.0,0.0,0.0,372.0,1
app_160,2024-01-15T00:00:00Z,10056,18,0.18,58748,,,2.8,31000.0,,80000.0,Male,,,0.0,0.0,0.0,0.0,0.0,128.0,883.0,0.0,0.0,0.0,0.0,0.0,0.0,0.0,0.0,1011.0,1
app_228,,90280,58,0.42,25883,,vacation,3.5,35000.0,,70000.0,Female,,,0.0,0.0,0.0,0.0,0.0,0.0,0.0,321.0,0.0,0.0,0.0,0.0,675.0,0.0,0.0,996.0,1
app_076,,90285,35,0.43,13607,insufficient_credit_history,,,,,66000.0,Female,1990-12-28,35,0.0,0.0,0.0,0.0,0.0,0.0,0.0,0.0,0.0,0.0,801.0,0.0,0.0,0.0,0.0,801.0,0
app_410,,10051,6,0.24,30498,,,4.9,41000.0,,66000.0,Male,1995-06-21,30,0.0,0.0,638.0,400.0,0.0,0.0,0.0,0.0,0.0,0.0,0.0,0.0,0.0,0.0,0.0,1038.0,1
app_208,,10061,92,0.34,21594,,education,2.8,26000.0,,97000.0,Male,1966-10-28,59,0.0,0.0,0.0,114.0,0.0,795.0,0.0,0.0,0.0,0.0,0.0,0.0,0.0,0.0,0.0,909.0,1
app_279,,30012,76,0.39,4974,,,5.4,15000.0,,75000.0,Male,1982-11-12,43,260.0,0.0,0.0,0.0,0.0,722.0,0.0,0.0,0.0,725.0,0.0,0.0,0.0,0.0,0.0,1707.0,1
app_241,,90230,103,0.44,31709,,personal,5.8,18000.0,,96000.0,Female,1964-10-07,61,89.0,0.0,0.0,0.0,0.0,0.0,0.0,0.0,0.0,0.0,485.0,503.0,0.0,0.0,0.0,1077.0,1
app_054,,10043,16,0.26,28260,,,6.3,61000.0,,86000.0,Male,1995-10-12,30,0.0,0.0,0.0,0.0,0.0,0.0,0.0,0.0,0.0,0.0,566.0,0.0,0.0,0.0,0.0,566.0,1
app_195,2024-01-15T00:00:00Z,10005,0,0.29,19373,,,5.1,77000.0,,61000.0,Male,1992-03-26,33,0.0,227.0,0.0,0.0,0.0,0.0,0.0,190.0,554.0,0.0,0.0,0.0,0.0,579.0,0.0,1550.0,1
app_015,,10061,96,0.4,76692,algorithm_risk_score,,,,,118000.0,Male,1985-09-11,40,0.0,0.0,0.0,0.0,101.0,698.0,0.0,0.0,0.0,0.0,0.0,0.0,470.0,0.0,0.0,1269.0,0
app_039,,90249,73,0.29,62951,algorithm_risk_score,,,,,137000.0,Male,,,0.0,0.0,0.0,0.0,0.0,0.0,0.0,0.0,0.0,0.0,513.0,0.0,0.0,0.0,0.0,513.0,0
app_492,,90225,0,0.09,9578,algorithm_risk_score,,,,,46000.0,Female,,,0.0,0.0,0.0,0.0,0.0,0.0,0.0,0.0,0.0,576.0,0.0,0.0,0.0,0.0,339.0,915.0,0
app_093,,90230,36,0.08,16139,,,6.1,59000.0,,137000.0,Female,1983-01-01,43,0.0,0.0,0.0,0.0,0.0,338.0,0.0,0.0,0.0,0.0,0.0,0.0,857.0,0.0,0.0,1195.0,1
app_356,,10058,67,0.4,28596,,,5.9,37000.0,,69000.0,Male,1987-01-17,39,0.0,0.0,0.0,0.0,0.0,0.0,0.0,171.0,0.0,0.0,0.0,0.0,0.0,0.0,0.0,171.0,1
app_164,2024-01-15T00:00:00Z,10004,117,0.14,34221,,,4.1,62000.0,,101000.0,Male,1978-04-10,47,0.0,0.0,0.0,0.0,0.0,0.0,0.0,0.0,798.0,430.0,218.0,0.0,0.0,0.0,0.0,1446.0,1
app_372,,90229,115,0.22,22843,algorithm_risk_score,,,,,77000.0,Female,,,0.0,0.0,0.0,0.0,0.0,0.0,0.0,0.0,0.0,0.0,582.0,0.0,0.0,0.0,0.0,582.0,0
app_460,,90266,19,0.41,28777,insufficient_credit_history,,,,,85000.0,Female,1988-05-31,37,0.0,0.0,0.0,0.0,0.0,0.0,0.0,0.0,0.0,0.0,438.0,0.0,0.0,0.0,0.0,438.0,0
app_436,,90217,35,0.13,10311,,,3.9,63000.0,,45000.0,Female,1998-02-06,28,0.0,0.0,0.0,0.0,0.0,0.0,0.0,339.0,0.0,0.0,0.0,0.0,0.0,0.0,0.0,339.0,1
app_392,,90217,0,0.16,25551,,,4.5,39000.0,,56000.0,Female,,,0.0,0.0,0.0,0.0,0.0,0.0,0.0,68.0,0.0,0.0,0.0,0.0,0.0,0.0,0.0,68.0,1
app_264,,10063,19,0.23,17902,,,4.3,39000.0,,50000.0,Male,,,802.0,0.0,0.0,0.0,0.0,0.0,0.0,0.0,0.0,0.0,0.0,0.0,0.0,0.0,0.0,802.0,1
app_032,,30019,72,0.07,24282,,,5.5,75000.0,,124000.0,Male,1982-09-29,43,767.0,694.0,0.0,0.0,0.0,0.0,0.0,0.0,0.0,0.0,483.0,0.0,0.0,497.0,0.0,2441.0,1
app_483,,10047,44,0.07,27423,,,6.5,80000.0,,99000.0,Male,1975-11-09,50,0.0,0.0,0.0,0.0,0.0,0.0,474.0,0.0,0.0,0.0,0.0,0.0,0.0,0.0,0.0,474.0,1
app_008,,90244,24,0.43,22882,,,3.6,51000.0,,80000.0,Female,1993-12-07,32,0.0,0.0,0.0,0.0,0.0,0.0,0.0,0.0,0.0,0.0,881.0,0.0,0.0,0.0,0.0,881.0,1
app_419,,10096,5,0.24,63180,algorithm_risk_score,,,,,125000.0,Male,1987-09-18,38,0.0,647.0,0.0,0.0,145.0,0.0,0.0,0.0,174.0,0.0,0.0,0.0,0.0,0.0,0.0,966.0,0
app_442,,90232,88,0.11,13402,algorithm_risk_score,,,,,58000.0,Female,1972-12-18,53,0.0,0.0,0.0,0.0,536.0,0.0,0.0,0.0,0.0,0.0,0.0,0.0,0.0,0.0,0.0,536.0,0
app_493,,90245,99,0.25,34716,,,4.1,24000.0,,100000.0,Female,1973-01-23,53,0.0,509.0,0.0,0.0,0.0,0.0,0.0,0.0,0.0,413.0,0.0,0.0,253.0,0.0,0.0,1175.0,1
app_416,,10066,59,0.2,46148,algorithm_risk_score,,,,,100000.0,Male,1981-11-10,44,0.0,0.0,0.0,0.0,0.0,0.0,758.0,0.0,0.0,0.0,0.0,0.0,770.0,0.0,0.0,1528.0,0
app_119,,90216,0,0.45,24617,algorithm_risk_score,,,,,74000.0,Female,1991-12-21,34,761.0,0.0,0.0,0.0,0.0,0.0,0.0,0.0,0.0,0.0,0.0,0.0,0.0,0.0,0.0,761.0,0
app_240,,90209,83,0.14,59062,algorithm_risk_score,home_improvement,,,,130000.0,Female,1974-11-27,51,0.0,0.0,0.0,0.0,0.0,0.0,0.0,778.0,0.0,0.0,0.0,0.0,0.0,0.0,0.0,778.0,0
app_154,2024-01-15T00:00:00Z,30015,65,0.09,86849,,,6.5,15000.0,,119000.0,Female,,,0.0,0.0,0.0,0.0,0.0,0.0,0.0,0.0,0.0,0.0,0.0,0.0,60.0,0.0,0.0,60.0,1
app_166,2024-01-15T00:00:00Z,90247,54,0.13,35023,algorithm_risk_score,,,,,118000.0,Female,1978-03-08,47,0.0,0.0,0.0,0.0,0.0,0.0,0.0,685.0,0.0,0.0,0.0,0.0,0.0,0.0,0.0,685.0,0
app_100,,10001,99,0.22,36346,,,2.8,19000.0,,79000.0,Male,1962-01-05,64,0.0,0.0,0.0,463.0,0.0,0.0,0.0,0.0,0.0,0.0,184.0,0.0,0.0,0.0,0.0,647.0,1
app_107,,10087,105,0.3,37143,algorithm_risk_score,,,,,91000.0,Male,1960-12-01,65,0.0,857.0,0.0,581.0,0.0,0.0,0.0,0.0,0.0,0.0,0.0,0.0,0.0,0.0,0.0,1438.0,0
app_088,,90229,55,0.43,29118,algorithm_risk_score,,,,,55000.0,Female,1986-10-15,39,0.0,0.0,0.0,0.0,0.0,0.0,0.0,0.0,0.0,339.0,0.0,0.0,0.0,0.0,0.0,339.0,0
app_114,,90204,52,0.12,23554,,,3.9,50000.0,,75000.0,Female,,,0.0,0.0,0.0,0.0,0.0,0.0,0.0,0.0,261.0,0.0,0.0,819.0,0.0,0.0,0.0,1080.0,1
app_421,,10027,44,0.06,5018,,,6.0,45000.0,,46000.0,Male,1982-07-17,43,0.0,0.0,0.0,861.0,0.0,0.0,0.0,0.0,0.0,0.0,563.0,0.0,0.0,0.0,0.0,1424.0,1
app_323,,10090,92,0.4,27746,,,3.9,80000.0,,113000.0,Male,,,0.0,0.0,0.0,0.0,0.0,0.0,0.0,0.0,133.0,0.0,0.0,0.0,65.0,0.0,0.0,198.0,1
app_288,,90252,71,0.27,23054,,,5.5,67000.0,,88000.0,Female,1962-05-11,63,434.0,0.0,0.0,0.0,0.0,0.0,0.0,0.0,0.0,0.0,0.0,0.0,0.0,0.0,0.0,434.0,1
app_396,,10027,124,0.2,33232,,,5.4,40000.0,,96000.0,Female,1976-01-28,50,698.0,0.0,0.0,284.0,0.0,0.0,0.0,0.0,0.0,0.0,0.0,206.0,0.0,0.0,0.0,1188.0,1
app_371,,90250,12,0.11,59032,algorithm_risk_score,,,,,76000.0,Female,1995-02-23,31,0.0,180.0,0.0,0.0,0.0,0.0,0.0,0.0,0.0,0.0,0.0,823.0,0.0,0.0,0.0,1003.0,0
app_479,,90205,56,0.11,15630,algorithm_risk_score,,,,,94000.0,Female,,,0.0,0.0,0.0,0.0,0.0,0.0,0.0,0.0,0.0,136.0,0.0,0.0,0.0,0.0,0.0,136.0,0
app_149,2024-01-15T00:00:00Z,90224,72,0.2,48329,,,5.1,29000.0,,132000.0,Female,1978-10-11,47,0.0,0.0,0.0,376.0,0.0,0.0,0.0,0.0,0.0,0.0,570.0,0.0,0.0,0.0,0.0,946.0,1
app_260,,10035,66,0.2,1358,algorithm_risk_score,,,,,36000.0,Male,,,0.0,0.0,0.0,636.0,0.0,0.0,0.0,0.0,399.0,0.0,100.0,0.0,0.0,0.0,0.0,1135.0,0
app_079,,90280,102,0.31,32958,high_dti_ratio,,,,,97000.0,Female,1972-12-28,53,0.0,0.0,0.0,748.0,0.0,0.0,0.0,0.0,0.0,0.0,815.0,0.0,0.0,0.0,0.0,1563.0,0
app_251,,10096,19,0.31,27789,algorithm_risk_score,,,,,98000.0,Male,1984-12-25,41,0.0,0.0,0.0,0.0,575.0,0.0,0.0,0.0,633.0,0.0,0.0,580.0,0.0,0.0,0.0,1788.0,0
app_404,,10017,31,0.32,2729,,,5.9,69000.0,,91000.0,Male,1985-10-11,40,0.0,0.0,0.0,0.0,0.0,325.0,0.0,841.0,0.0,0.0,0.0,0.0,0.0,0.0,0.0,1166.0,1
app_247,,90231,0,0.21,22335,algorithm_risk_score,wedding,,,,64000.0,Female,,,0.0,594.0,0.0,0.0,530.0,0.0,0.0,0.0,0.0,0.0,0.0,0.0,0.0,0.0,0.0,1124.0,0
app_162,2024-01-15T00:00:00Z,10066,47,0.3,10407,,,2.7,71000.0,,55000.0,Male,1991-11-12,34,0.0,0.0,0.0,303.0,0.0,617.0,197.0,0.0,0.0,0.0,0.0,0.0,0.0,0.0,0.0,1117.0,1
app_029,,10035,37,0.45,23075,,,3.1,48000.0,,46000.0,Female,2001-03-23,24,0.0,0.0,0.0,258.0,0.0,0.0,0.0,0.0,0.0,0.0,0.0,0.0,0.0,0.0,0.0,258.0,1
app_345,,10041,42,0.34,25288,algorithm_risk_score,,,,,60000.0,Male,1978-08-20,47,0.0,0.0,0.0,122.0,0.0,0.0,0.0,0.0,0.0,0.0,0.0,0.0,0.0,0.0,0.0,122.0,0
app_059,,10029,50,0.3,40581,algorithm_risk_score,,,,,103000.0,Male,,,0.0,234.0,0.0,0.0,0.0,0.0,0.0,0.0,0.0,0.0,0.0,0.0,0.0,0.0,0.0,234.0,0
app_484,,10001,27,0.27,10775,,,3.2,34000.0,,69000.0,Male,1990-10-08,35,0.0,0.0,0.0,0.0,0.0,0.0,0.0,286.0,693.0,0.0,0.0,0.0,0.0,0.0,0.0,979.0,1
app_346,,90276,60,0.25,38125,algorithm_risk_score,,,,,140000.0,Male,1979-10-29,46,0.0,0.0,0.0,0.0,0.0,0.0,0.0,0.0,0.0,752.0,0.0,0.0,0.0,0.0,0.0,752.0,0
app_297,,10028,84,0.38,30102,,,3.5,58000.0,,81000.0,Male,,,0.0,0.0,0.0,897.0,0.0,0.0,0.0,0.0,0.0,0.0,0.0,693.0,0.0,0.0,0.0,1590.0,1
app_223,,10040,0,0.26,4528,,medical,5.1,40000.0,,57000.0,Male,,,0.0,0.0,0.0,0.0,0.0,0.0,0.0,0.0,0.0,0.0,0.0,112.0,0.0,0.0,0.0,112.0,1
app_052,,10052,119,0.11,38008,,,3.0,22000.0,,91000.0,Male,1965-05-05,60,0.0,328.0,0.0,0.0,0.0,0.0,0.0,0.0,0.0,0.0,0.0,0.0,0.0,0.0,0.0,328.0,1
app_261,,10041,59,0.38,23287,algorithm_risk_score,,,,,63000.0,Male,,,0.0,0.0,0.0,0.0,0.0,0.0,0.0,0.0,352.0,252.0,0.0,0.0,0.0,0.0,0.0,604.0,0
app_407,,10076,31,0.26,32341,algorithm_risk_score,,,,,74000.0,Male,,,0.0,0.0,0.0,0.0,0.0,606.0,52.0,781.0,0.0,0.0,0.0,0.0,0.0,0.0,0.0,1439.0,0
app_014,,10086,35,0.45,9647,algorithm_risk_score,,,,,112000.0,Female,,,0.0,0.0,0.0,339.0,0.0,0.0,0.0,0.0,0.0,0.0,0.0,0.0,0.0,0.0,0.0,339.0,0
app_143,2024-01-15T00:00:00Z,10048,113,0.28,23503,,,6.4,66000.0,,66000.0,Male,1958-12-21,67,0.0,0.0,0.0,0.0,0.0,0.0,0.0,0.0,0.0,0.0,0.0,791.0,0.0,0.0,0.0,791.0,1
app_036,,90227,18,0.4,77318,,,3.3,49000.0,,141000.0,Female,1988-03-31,37,0.0,0.0,0.0,723.0,0.0,0.0,0.0,0.0,0.0,0.0,0.0,0.0,0.0,0.0,0.0,723.0,1
app_145,2024-01-15T00:00:00Z,90297,26,0.43,17930,algorithm_risk_score,,,,,85000.0,Female,,,0.0,0.0,0.0,0.0,0.0,0.0,0.0,0.0,0.0,0.0,826.0,0.0,0.0,0.0,0.0,826.0,0
app_128,,10078,81,0.4,73842,high_dti_ratio,,,,,94000.0,Male,1985-02-04,41,0.0,0.0,0.0,0.0,0.0,199.0,0.0,0.0,0.0,0.0,0.0,0.0,0.0,0.0,0.0,199.0,0
app_016,,10091,71,0.37,86599,algorithm_risk_score,,,,,123000.0,Male,1959-11-12,66,0.0,0.0,0.0,0.0,0.0,0.0,0.0,0.0,0.0,0.0,0.0,485.0,0.0,0.0,0.0,485.0,0
app_144,2024-01-15T00:00:00Z,10024,0,0.27,23970,,,6.2,39000.0,,56000.0,Male,1996-09-14,29,0.0,0.0,0.0,0.0,0.0,513.0,0.0,0.0,0.0,0.0,0.0,0.0,0.0,0.0,0.0,513.0,1
app_134,,10048,60,0.12,24889,,,6.0,69000.0,,98000.0,Male,,,0.0,0.0,0.0,0.0,0.0,0.0,0.0,0.0,0.0,0.0,0.0,595.0,0.0,0.0,0.0,595.0,1
app_238,,10057,112,0.17,65612,algorithm_risk_score,business,,,,131000.0,Male,,,0.0,0.0,0.0,720.0,0.0,666.0,708.0,0.0,0.0,0.0,0.0,0.0,0.0,0.0,0.0,2094.0,0
app_270,,10098,78,0.24,14687,algorithm_risk_score,,,,,58000.0,Female,1993-10-19,32,0.0,0.0,0.0,0.0,0.0,0.0,0.0,0.0,150.0,0.0,0.0,0.0,0.0,0.0,0.0,150.0,0
app_151,2024-01-15T00:00:00Z,10019,59,0.4,53225,algorithm_risk_score,,,,,124000.0,Male,1988-11-01,37,0.0,0.0,0.0,0.0,0.0,0.0,0.0,0.0,0.0,0.0,786.0,0.0,0.0,0.0,0.0,786.0,0
app_382,,10091,12,0.42,26781,,,5.8,22000.0,,102000.0,Male,1994-01-10,32,0.0,0.0,0.0,0.0,0.0,0.0,0.0,415.0,838.0,0.0,545.0,0.0,0.0,0.0,0.0,1798.0,1
app_351,2025-12-01T00:00:00Z,30029,9,0.12,26062,algorithm_risk_score,,,,,67000.0,Male,1995-04-14,30,0.0,0.0,0.0,0.0,0.0,0.0,809.0,0.0,0.0,0.0,0.0,0.0,0.0,0.0,0.0,809.0,0
app_071,,90208,69,0.07,72178,,,3.8,54000.0,,134000.0,Female,1978-03-02,48,0.0,877.0,0.0,0.0,0.0,0.0,0.0,0.0,0.0,0.0,719.0,0.0,0.0,0.0,0.0,1596.0,1
app_057,,90255,42,0.15,38800,,,2.5,55000.0,,70000.0,Female,,,0.0,0.0,0.0,0.0,488.0,0.0,0.0,0.0,0.0,0.0,0.0,0.0,320.0,0.0,0.0,808.0,1
app_278,,10024,0,0.28,9221,algorithm_risk_score,,,,,56000.0,Female,1997-05-21,28,0.0,0.0,0.0,0.0,0.0,414.0,0.0,0.0,0.0,0.0,0.0,0.0,0.0,0.0,0.0,414.0,0
app_391,,10044,131,0.19,37029,,,4.9,65000.0,,69000.0,Male,,,0.0,0.0,0.0,0.0,0.0,0.0,0.0,0.0,0.0,0.0,0.0,0.0,461.0,0.0,0.0,461.0,1
app_271,,90273,44,0.35,34950,,,5.8,17000.0,,95000.0,Female,,,0.0,0.0,0.0,0.0,0.0,0.0,0.0,0.0,54.0,0.0,74.0,0.0,0.0,0.0,0.0,128.0,1
app_170,2024-01-15T00:00:00Z,30015,40,0.18,10709,,,3.3,79000.0,,75000.0,Male,1990-02-19,36,0.0,696.0,0.0,0.0,0.0,699.0,0.0,0.0,0.0,0.0,0.0,0.0,0.0,0.0,0.0,1395.0,1
app_005,,90296,76,0.06,15011,algorithm_risk_score,,,,,39000.0,Female,,,0.0,0.0,0.0,0.0,0.0,0.0,0.0,585.0,0.0,0.0,0.0,0.0,0.0,0.0,0.0,585.0,0
app_043,,10038,-10,0.06,53098,,,3.9,68000.0,,131000.0,Male,1985-08-17,40,0.0,0.0,0.0,0.0,0.0,0.0,464.0,0.0,0.0,0.0,0.0,398.0,0.0,0.0,0.0,862.0,1
app_204,,90256,63,0.22,14018,algorithm_risk_score,vacation,,,,81000.0,Male,1983-12-04,42,0.0,0.0,0.0,0.0,0.0,0.0,0.0,0.0,778.0,0.0,0.0,0.0,0.0,0.0,0.0,778.0,0
app_465,,10041,89,0.32,27863,,,5.7,20000.0,,72000.0,Male,1972-05-29,53,0.0,0.0,0.0,0.0,0.0,0.0,205.0,0.0,0.0,0.0,0.0,0.0,0.0,0.0,0.0,205.0,1
app_448,,90221,22,0.23,12120,,,6.4,47000.0,,57000.0,Female,1983-12-17,42,0.0,0.0,0.0,0.0,0.0,0.0,83.0,0.0,0.0,0.0,0.0,0.0,0.0,0.0,0.0,83.0,1
app_463,,90205,50,0.29,66878,algorithm_risk_score,,,,,86000.0,Female,1975-04-26,50,0.0,0.0,0.0,0.0,0.0,0.0,0.0,0.0,690.0,229.0,0.0,0.0,0.0,0.0,0.0,919.0,0
app_109,,90278,27,0.23,17289,,,4.0,17000.0,,47000.0,Female,2000-03-01,26,0.0,715.0,0.0,0.0,0.0,67.0,0.0,0.0,772.0,0.0,0.0,0.0,0.0,0.0,0.0,1554.0,1
app_444,,10077,56,0.23,28670,,,5.5,59000.0,,91000.0,Male,,,303.0,0.0,0.0,291.0,0.0,0.0,0.0,509.0,0.0,0.0,0.0,0.0,0.0,0.0,0.0,1103.0,1
app_412,,10096,61,0.43,25452,high_dti_ratio,,,,,53000.0,Male,1997-02-16,29,0.0,334.0,0.0,0.0,0.0,0.0,0.0,0.0,0.0,0.0,0.0,0.0,0.0,0.0,0.0,334.0,0
app_092,,90222,31,0.4,14473,,,5.5,29000.0,,22000.0,Female,1997-09-29,28,0.0,0.0,0.0,0.0,0.0,330.0,0.0,0.0,0.0,0.0,0.0,0.0,0.0,0.0,0.0,330.0,1
app_135,,90202,92,0.22,9369,algorithm_risk_score,,,,,65000.0,Female,1986-10-23,39,0.0,0.0,0.0,0.0,255.0,0.0,0.0,0.0,222.0,0.0,0.0,0.0,0.0,0.0,0.0,477.0,0
app_104,,90254,85,0.35,32846,,,3.6,76000.0,,84000.0,Female,1972-09-25,53,0.0,0.0,0.0,0.0,425.0,0.0,0.0,0.0,0.0,0.0,0.0,0.0,0.0,0.0,0.0,425.0,1
app_394,,90271,54,0.16,16646,algorithm_risk_score,,,,,61000.0,Female,1998-02-09,28,0.0,0.0,0.0,545.0,0.0,0.0,0.0,0.0,0.0,0.0,0.0,395.0,0.0,0.0,0.0,940.0,0
app_449,,90234,86,0.07,27467,,,5.7,54000.0,,75000.0,Female,1968-09-11,57,0.0,0.0,0.0,0.0,0.0,0.0,0.0,498.0,0.0,0.0,0.0,0.0,0.0,0.0,0.0,498.0,1
app_255,,10083,32,0.07,13853,,,4.8,55000.0,,59000.0,Male,,,0.0,0.0,229.0,0.0,0.0,0.0,98.0,0.0,0.0,0.0,0.0,0.0,0.0,0.0,0.0,327.0,1
app_365,,10043,53,0.08,10899,,,2.6,29000.0,,79000.0,Male,1989-04-20,36,0.0,0.0,0.0,0.0,0.0,0.0,0.0,763.0,0.0,0.0,0.0,0.0,0.0,0.0,0.0,763.0,1
app_500,,10048,12,0.13,42908,,,5.2,38000.0,,86000.0,Male,1991-02-27,35,0.0,0.0,0.0,0.0,0.0,0.0,0.0,0.0,0.0,451.0,0.0,0.0,0.0,0.0,0.0,451.0,1
app_110,,10011,112,0.07,58086,,,3.4,78000.0,,111000.0,Male,1962-07-07,63,0.0,0.0,0.0,0.0,0.0,0.0,0.0,0.0,0.0,0.0,0.0,316.0,181.0,0.0,0.0,497.0,1
app_335,,10092,75,0.16,57065,,,3.9,24000.0,,83000.0,Male,,,0.0,0.0,0.0,0.0,0.0,0.0,0.0,327.0,0.0,0.0,0.0,0.0,0.0,0.0,0.0,327.0,1
app_490,,90251,74,0.26,45864,algorithm_risk_score,,,,,171000.0,Female,,,0.0,0.0,0.0,0.0,478.0,0.0,753.0,0.0,0.0,0.0,0.0,0.0,0.0,0.0,0.0,1231.0,0
app_258,,90273,119,0.19,21151,,,6.5,73000.0,,71000.0,Female,1975-04-14,50,0.0,0.0,0.0,0.0,109.0,0.0,0.0,599.0,0.0,0.0,0.0,0.0,661.0,0.0,0.0,1369.0,1
app_262,,90264,38,0.09,18075,algorithm_risk_score,,,,,46000.0,Female,1999-09-28,26,0.0,0.0,0.0,760.0,0.0,0.0,0.0,0.0,0.0,0.0,0.0,0.0,0.0,0.0,0.0,760.0,0
app_303,,90281,67,0.41,9650,algorithm_risk_score,,,,,41000.0,Female,1998-12-03,27,0.0,0.0,0.0,0.0,436.0,0.0,0.0,373.0,0.0,0.0,0.0,471.0,0.0,0.0,0.0,1280.0,0
app_290,,90221,39,0.27,-5000,,,4.3,49000.0,,104000.0,Female,1990-06-01,35,0.0,0.0,0.0,0.0,0.0,599.0,0.0,0.0,0.0,0.0,0.0,0.0,0.0,0.0,0.0,599.0,1
app_073,,90252,60,0.08,30412,,,4.8,51000.0,,97000.0,Female,,,0.0,0.0,0.0,0.0,0.0,0.0,0.0,0.0,0.0,518.0,0.0,0.0,511.0,0.0,0.0,1029.0,1
app_201,,10088,27,0.11,11695,algorithm_risk_score,home_improvement,,,,36000.0,Male,1996-12-31,29,0.0,0.0,0.0,0.0,602.0,0.0,0.0,0.0,0.0,0.0,0.0,0.0,0.0,0.0,0.0,602.0,0
app_156,2024-01-15T00:00:00Z,90239,-3,0.21,13641,algorithm_risk_score,,,,,25000.0,Female,1999-11-28,26,0.0,218.0,0.0,0.0,0.0,0.0,0.0,0.0,0.0,0.0,0.0,0.0,0.0,0.0,0.0,218.0,0
app_193,2024-01-15T00:00:00Z,90221,9,0.08,30968,insufficient_credit_history,,,,,155000.0,Female,1984-02-08,42,0.0,0.0,0.0,0.0,0.0,0.0,0.0,0.0,0.0,0.0,0.0,0.0,638.0,322.0,0.0,960.0,0
app_294,,90298,15,0.36,36582,high_dti_ratio,,,,,120000.0,Female,1985-03-13,40,0.0,0.0,0.0,0.0,0.0,0.0,0.0,0.0,0.0,0.0,0.0,0.0,484.0,0.0,0.0,484.0,0
app_226,,90231,61,0.17,66276,,vacation,6.1,46000.0,,148000.0,Female,,,0.0,0.0,0.0,0.0,0.0,0.0,0.0,0.0,726.0,0.0,0.0,0.0,0.0,0.0,0.0,726.0,1
app_033,,30047,73,0.1,27950,,,6.0,51000.0,,83000.0,Female,1993-10-12,32,185.0,0.0,0.0,0.0,0.0,0.0,0.0,0.0,0.0,0.0,0.0,0.0,0.0,0.0,0.0,185.0,1
app_429,,90286,41,0.18,26023,algorithm_risk_score,,,,,77000.0,Female,,,0.0,0.0,0.0,0.0,0.0,0.0,0.0,0.0,498.0,0.0,0.0,0.0,0.0,0.0,0.0,498.0,0
app_172,2024-01-15T00:00:00Z,90213,14,0.14,31122,algorithm_risk_score,,,,,64000.0,Female,1988-11-17,37,0.0,809.0,0.0,0.0,0.0,0.0,0.0,0.0,0.0,0.0,0.0,0.0,0.0,0.0,0.0,809.0,0
app_179,2026-03-15T00:00:00Z,10092,30,0.24,31966,,,3.4,42000.0,,85000.0,Male,,,0.0,0.0,0.0,0.0,392.0,0.0,0.0,0.0,0.0,0.0,842.0,0.0,0.0,0.0,0.0,1234.0,1
app_283,,10055,5,0.09,34596,algorithm_risk_score,,,,,70000.0,Female,1990-12-27,35,0.0,0.0,0.0,648.0,0.0,0.0,0.0,0.0,0.0,0.0,0.0,0.0,0.0,0.0,0.0,648.0,0
app_446,,10015,19,0.31,47962,,,3.4,20000.0,,73000.0,Male,,,0.0,0.0,0.0,0.0,0.0,0.0,0.0,0.0,650.0,899.0,0.0,0.0,0.0,0.0,0.0,1549.0,1
app_454,,90219,74,0.18,32988,,,5.3,76000.0,,99000.0,Female,1980-05-04,45,0.0,0.0,0.0,0.0,0.0,0.0,0.0,0.0,592.0,0.0,0.0,0.0,0.0,0.0,0.0,592.0,1
app_027,,90214,16,0.28,31461,insufficient_credit_history,,,,,75000.0,Female,1994-05-04,31,0.0,0.0,0.0,0.0,0.0,0.0,0.0,0.0,0.0,0.0,0.0,576.0,0.0,0.0,0.0,576.0,0
app_376,,90283,96,0.2,33059,algorithm_risk_score,,,,,82000.0,Female,,,0.0,0.0,0.0,0.0,0.0,0.0,0.0,0.0,0.0,0.0,0.0,0.0,212.0,0.0,0.0,212.0,0
app_083,,10069,40,0.23,29607,algorithm_risk_score,,,,,57000.0,Male,1989-04-11,36,180.0,0.0,0.0,0.0,0.0,0.0,0.0,0.0,0.0,571.0,0.0,375.0,0.0,0.0,0.0,1126.0,0
app_379,,10019,31,0.42,44360,algorithm_risk_score,,,,,103000.0,Male,1987-10-23,38,323.0,0.0,0.0,0.0,0.0,0.0,0.0,0.0,0.0,0.0,0.0,806.0,0.0,0.0,0.0,1129.0,0
app_072,,30044,20,0.28,19076,insufficient_credit_history,,,,,65000.0,Female,1998-03-14,27,0.0,0.0,0.0,0.0,0.0,0.0,0.0,0.0,388.0,0.0,0.0,0.0,0.0,0.0,0.0,388.0,0
app_408,,30022,53,0.38,29820,,,4.8,37000.0,,74000.0,Male,1969-09-27,56,0.0,0.0,0.0,0.0,0.0,406.0,0.0,0.0,0.0,0.0,342.0,0.0,0.0,0.0,0.0,748.0,1
app_384,,10004,3,0.06,9529,,,2.6,60000.0,,46000.0,Male,,,0.0,0.0,0.0,0.0,0.0,0.0,0.0,0.0,0.0,0.0,0.0,415.0,0.0,0.0,0.0,415.0,1
app_070,,90292,59,0.43,24655,algorithm_risk_score,,,,,121000.0,Female,,,0.0,0.0,0.0,168.0,0.0,0.0,0.0,0.0,0.0,0.0,0.0,0.0,0.0,0.0,0.0,168.0,0
app_299,,10054,58,0.18,23101,algorithm_risk_score,,,,,64000.0,Male,1972-08-28,53,0.0,0.0,0.0,854.0,787.0,0.0,0.0,0.0,0.0,0.0,0.0,531.0,0.0,0.0,0.0,2172.0,0
app_056,,10069,37,0.35,33129,algorithm_risk_score,,,,,99000.0,Male,1980-12-24,45,0.0,0.0,0.0,0.0,306.0,0.0,0.0,0.0,0.0,0.0,0.0,634.0,0.0,0.0,0.0,940.0,0
app_245,,10038,30,0.26,26829,,debt_consolidation,4.0,44000.0,,97000.0,Male,,,0.0,0.0,0.0,0.0,0.0,0.0,476.0,0.0,162.0,0.0,0.0,0.0,0.0,0.0,0.0,638.0,1
app_489,,90284,84,0.06,14947,low_income,,,,,47000.0,Female,1966-07-25,59,0.0,894.0,0.0,0.0,0.0,0.0,0.0,0.0,0.0,0.0,640.0,0.0,0.0,0.0,0.0,1534.0,0
app_230,,90291,133,0.19,14427,,medical,5.3,71000.0,,63000.0,Female,1963-05-21,62,0.0,0.0,0.0,0.0,0.0,0.0,0.0,0.0,0.0,0.0,0.0,0.0,867.0,0.0,0.0,867.0,1
app_216,,10020,77,0.37,61470,,wedding,5.8,42000.0,,111000.0,Male,1980-07-20,45,0.0,0.0,0.0,0.0,0.0,0.0,0.0,210.0,0.0,0.0,0.0,230.0,0.0,0.0,0.0,440.0,1
app_413,,10044,30,0.3,41179,,,6.2,41000.0,,92000.0,Male,1986-10-21,39,0.0,856.0,0.0,0.0,0.0,0.0,0.0,0.0,0.0,0.0,0.0,0.0,0.0,0.0,0.0,856.0,1
app_252,,90270,29,0.44,10534,insufficient_credit_history,,,,,31000.0,Female,2001-12-23,24,0.0,897.0,0.0,0.0,0.0,0.0,784.0,0.0,0.0,0.0,0.0,0.0,147.0,0.0,0.0,1828.0,0
app_347,,10094,42,0.38,17742,,,6.3,38000.0,,80000.0,Male,1979-04-01,46,0.0,0.0,0.0,0.0,0.0,0.0,0.0,0.0,0.0,0.0,0.0,0.0,65.0,0.0,0.0,65.0,1
app_435,,10077,51,0.22,11727,,,5.6,51000.0,,89000.0,Male,1985-04-25,40,663.0,0.0,0.0,0.0,0.0,0.0,0.0,0.0,0.0,0.0,0.0,0.0,0.0,0.0,0.0,663.0,1
app_498,,90276,33,0.29,36901,algorithm_risk_score,,,,,86000.0,Male,1989-10-19,36,0.0,0.0,0.0,0.0,0.0,93.0,0.0,0.0,0.0,0.0,0.0,0.0,177.0,0.0,0.0,270.0,0
app_364,,90270,49,0.27,36070,,,6.2,27000.0,,69000.0,Female,1967-10-27,58,0.0,0.0,0.0,0.0,0.0,0.0,0.0,0.0,0.0,401.0,0.0,0.0,0.0,0.0,0.0,401.0,1
app_254,,10003,31,0.4,29666,,,2.9,46000.0,,77000.0,Male,1981-09-28,44,0.0,0.0,0.0,0.0,0.0,0.0,0.0,0.0,0.0,0.0,0.0,691.0,0.0,0.0,0.0,691.0,1
app_106,,10043,20,0.16,13124,algorithm_risk_score,,,,,44000.0,Male,1999-08-28,26,0.0,319.0,0.0,0.0,0.0,317.0,0.0,0.0,0.0,0.0,0.0,0.0,0.0,0.0,0.0,636.0,0
app_475,,90296,43,0.36,24107,,,4.5,61000.0,,108000.0,Female,1982-06-29,43,0.0,0.0,0.0,0.0,0.0,0.0,0.0,0.0,0.0,0.0,460.0,0.0,0.0,0.0,0.0,460.0,1
app_117,,10002,109,0.21,22879,,,5.9,77000.0,,69000.0,Male,1981-06-20,44,0.0,0.0,0.0,0.0,0.0,0.0,0.0,0.0,0.0,0.0,0.0,0.0,339.0,0.0,0.0,339.0,1
app_474,,90242,51,0.19,13712,algorithm_risk_score,,,,,40000.0,Female,1996-08-21,29,0.0,0.0,0.0,0.0,92.0,0.0,0.0,0.0,0.0,0.0,0.0,0.0,54.0,0.0,0.0,146.0,0
app_205,,90267,53,0.25,23205,algorithm_risk_score,vacation,,,,66000.0,Female,1985-02-06,41,0.0,0.0,0.0,0.0,0.0,0.0,821.0,0.0,0.0,0.0,727.0,0.0,0.0,0.0,0.0,1548.0,0
app_477,,10096,12,0.42,22805,algorithm_risk_score,,,,,82000.0,Male,1992-07-08,33,0.0,0.0,0.0,0.0,0.0,0.0,0.0,0.0,0.0,340.0,0.0,343.0,0.0,0.0,0.0,683.0,0
app_338,,90285,82,0.14,42137,,,5.7,67000.0,,132000.0,Female,1983-10-26,42,0.0,0.0,0.0,0.0,818.0,0.0,0.0,0.0,0.0,0.0,0.0,0.0,0.0,0.0,0.0,818.0,1
app_430,,10066,28,0.19,17717,algorithm_risk_score,,,,,97000.0,Female,,,0.0,0.0,0.0,0.0,0.0,0.0,0.0,748.0,0.0,0.0,0.0,0.0,0.0,0.0,0.0,748.0,0
app_330,,10026,1,0.28,35500,algorithm_risk_score,,,,,136000.0,Male,1980-09-19,45,0.0,0.0,0.0,0.0,0.0,0.0,0.0,0.0,885.0,0.0,0.0,0.0,0.0,0.0,0.0,885.0,0
app_398,,90272,92,0.14,20917,algorithm_risk_score,,,,,58000.0,Female,1969-10-12,56,0.0,693.0,0.0,481.0,0.0,373.0,0.0,0.0,0.0,0.0,0.0,0.0,0.0,0.0,0.0,1547.0,0
app_321,,10081,77,0.07,26411,algorithm_risk_score,,,,,74000.0,Female,,,0.0,0.0,0.0,0.0,0.0,61.0,0.0,0.0,0.0,0.0,0.0,0.0,0.0,0.0,0.0,61.0,0
app_464,,90239,28,0.33,22193,high_dti_ratio,,,,,41000.0,Female,,,0.0,325.0,0.0,850.0,0.0,0.0,0.0,0.0,0.0,0.0,0.0,0.0,0.0,0.0,0.0,1175.0,0
app_427,,90299,80,0.27,39525,,,5.6,34000.0,,117000.0,Male,1983-10-12,42,0.0,0.0,0.0,0.0,0.0,0.0,0.0,890.0,0.0,0.0,0.0,0.0,0.0,0.0,0.0,890.0,1
app_019,,10086,78,0.18,23420,,,6.4,19000.0,,130000.0,Male,,,0.0,0.0,0.0,0.0,853.0,0.0,271.0,0.0,0.0,0.0,0.0,0.0,0.0,0.0,0.0,1124.0,1
app_126,,10054,48,0.39,33657,,,4.1,37000.0,,83000.0,Male,1988-02-08,38,861.0,0.0,0.0,0.0,0.0,0.0,0.0,0.0,0.0,0.0,0.0,0.0,0.0,0.0,0.0,861.0,1
app_424,,10020,30,0.12,13780,algorithm_risk_score,,,,,98000.0,Male,,,0.0,0.0,0.0,627.0,0.0,0.0,0.0,0.0,0.0,0.0,0.0,0.0,0.0,0.0,0.0,627.0,0
app_354,,10066,104,0.33,47231,,,4.7,44000.0,,89000.0,Male,1978-12-28,47,425.0,0.0,439.0,0.0,0.0,0.0,0.0,0.0,0.0,0.0,0.0,734.0,0.0,0.0,0.0,1598.0,1
app_060,,10042,11,0.07,12900,,,3.8,52000.0,,25000.0,Male,1998-03-25,27,0.0,0.0,0.0,0.0,317.0,0.0,0.0,0.0,0.0,315.0,141.0,0.0,0.0,0.0,0.0,773.0,1
app_340,,90238,56,0.18,45341,,,4.3,33000.0,,107000.0,Female,1988-09-12,37,0.0,0.0,0.0,0.0,0.0,0.0,842.0,0.0,0.0,0.0,0.0,0.0,205.0,0.0,0.0,1047.0,1
app_353,,10069,26,0.24,23924,algorithm_risk_score,,,,,73000.0,Female,1996-03-26,29,0.0,0.0,0.0,0.0,0.0,0.0,0.0,0.0,836.0,0.0,0.0,0.0,0.0,0.0,0.0,836.0,0
app_031,,90258,83,0.36,17700,,,4.4,51000.0,,79000.0,Male,1973-05-05,52,0.0,0.0,0.0,0.0,0.0,320.0,0.0,62.0,155.0,0.0,0.0,0.0,0.0,0.0,0.0,537.0,1
app_332,,10025,70,0.19,43950,,,6.3,52000.0,,119000.0,Male,,,0.0,0.0,0.0,0.0,0.0,0.0,0.0,0.0,0.0,0.0,0.0,0.0,810.0,0.0,0.0,810.0,1
app_085,,90234,5,0.15,18428,insufficient_credit_history,,,,,37000.0,Female,2000-12-01,25,0.0,0.0,0.0,0.0,0.0,679.0,337.0,0.0,382.0,0.0,0.0,0.0,0.0,0.0,0.0,1398.0,0
app_176,2024-01-15T00:00:00Z,10058,60,0.22,46039,,,4.9,35000.0,,91000.0,Male,1989-07-26,36,0.0,0.0,0.0,0.0,102.0,0.0,0.0,0.0,198.0,0.0,0.0,0.0,0.0,0.0,0.0,300.0,1
app_381,,90209,51,0.19,32404,algorithm_risk_score,,,,,82000.0,Female,,,0.0,0.0,0.0,0.0,0.0,0.0,0.0,0.0,0.0,0.0,289.0,0.0,0.0,0.0,0.0,289.0,0
app_471,,10032,61,0.08,9728,,,2.7,50000.0,,80000.0,Male,,,0.0,0.0,0.0,0.0,0.0,0.0,0.0,0.0,0.0,0.0,0.0,224.0,0.0,0.0,0.0,224.0,1
app_236,,90296,4,0.25,25550,,education,6.2,23000.0,,62000.0,Female,2002-04-24,23,0.0,0.0,0.0,0.0,726.0,0.0,0.0,0.0,574.0,0.0,0.0,0.0,0.0,0.0,0.0,1300.0,1
app_102,,90279,25,0.2,20000,,,3.2,22000.0,,76000.0,Male,,,0.0,0.0,0.0,0.0,0.0,0.0,0.0,0.0,0.0,0.0,0.0,0.0,320.0,0.0,0.0,320.0,1
app_400,,30034,0,0.28,5953,,,4.7,27000.0,,48000.0,Female,2000-06-24,25,0.0,0.0,0.0,0.0,0.0,0.0,0.0,0.0,181.0,0.0,0.0,0.0,0.0,0.0,0.0,181.0,1
app_259,,90260,92,0.27,54425,,,6.0,44000.0,,94000.0,Female,1964-02-29,62,0.0,0.0,0.0,0.0,549.0,0.0,0.0,0.0,0.0,0.0,0.0,0.0,0.0,0.0,0.0,549.0,1
app_196,2024-01-15T00:00:00Z,90225,19,0.26,12943,,,6.4,47000.0,,88000.0,Female,1995-04-17,30,0.0,0.0,0.0,0.0,0.0,0.0,0.0,0.0,598.0,0.0,0.0,821.0,533.0,0.0,0.0,1952.0,1
app_387,,90243,46,0.41,17222,,,5.4,23000.0,,83000.0,Female,,,0.0,0.0,757.0,514.0,0.0,0.0,677.0,0.0,0.0,0.0,0.0,0.0,0.0,0.0,0.0,1948.0,1
app_250,,10048,37,0.06,48618,,debt_consolidation,5.6,33000.0,,68000.0,Male,,,0.0,0.0,0.0,0.0,0.0,0.0,0.0,0.0,430.0,0.0,0.0,0.0,0.0,0.0,0.0,430.0,1
app_225,,30017,0,0.28,3918,algorithm_risk_score,education,,,,22000.0,Male,,,153.0,0.0,0.0,0.0,0.0,0.0,0.0,0.0,0.0,0.0,0.0,0.0,0.0,0.0,0.0,153.0,0
app_067,,10031,36,0.37,10486,,,4.3,56000.0,,39000.0,Male,1997-07-05,28,0.0,0.0,0.0,0.0,0.0,0.0,0.0,0.0,0.0,0.0,186.0,0.0,0.0,0.0,0.0,186.0,1
app_337,,90237,60,0.41,56840,,,5.7,45000.0,,100000.0,Female,,,0.0,0.0,0.0,0.0,0.0,0.0,0.0,0.0,0.0,0.0,0.0,312.0,0.0,0.0,0.0,312.0,1
app_081,,10053,8,0.32,13208,high_dti_ratio,,,,,41000.0,Female,,,0.0,519.0,0.0,0.0,0.0,0.0,0.0,0.0,0.0,0.0,0.0,0.0,0.0,0.0,0.0,519.0,0
app_434,,10050,0,0.27,14397,algorithm_risk_score,,,,,35000.0,Male,1999-08-10,26,644.0,0.0,0.0,0.0,0.0,0.0,0.0,0.0,0.0,0.0,0.0,0.0,0.0,0.0,0.0,644.0,0
app_397,,90295,113,0.35,39164,,,3.0,63000.0,,133000.0,Female,,,0.0,597.0,0.0,0.0,0.0,0.0,0.0,0.0,0.0,133.0,0.0,0.0,0.0,0.0,0.0,730.0,1
app_050,,90267,49,0.06,9588,,,2.5,48000.0,,30000.0,Female,1994-06-05,31,0.0,0.0,0.0,259.0,0.0,0.0,0.0,0.0,260.0,0.0,0.0,0.0,0.0,0.0,0.0,519.0,1
app_220,,10034,48,0.17,18326,algorithm_risk_score,education,,,,121000.0,Male,1987-11-21,38,484.0,0.0,0.0,0.0,0.0,0.0,0.0,0.0,0.0,0.0,0.0,0.0,0.0,0.0,0.0,484.0,0
app_171,2024-01-15T00:00:00Z,90252,47,0.32,16227,,,6.2,78000.0,,104000.0,Female,,,0.0,0.0,0.0,461.0,0.0,0.0,0.0,0.0,0.0,0.0,0.0,0.0,0.0,0.0,0.0,461.0,1
app_017,,90282,60,0.15,40059,,,6.1,55000.0,,109000.0,Female,1995-11-02,30,0.0,0.0,0.0,0.0,0.0,0.0,715.0,0.0,0.0,156.0,0.0,0.0,0.0,0.0,125.0,996.0,1
app_304,,90208,69,0.2,51392,algorithm_risk_score,,,,,106000.0,Female,1981-06-08,44,0.0,0.0,0.0,0.0,0.0,0.0,0.0,0.0,0.0,0.0,62.0,0.0,0.0,0.0,0.0,62.0,0
app_462,,90278,78,0.18,25979,,,2.8,60000.0,,91000.0,Female,,,0.0,0.0,0.0,0.0,599.0,0.0,0.0,0.0,773.0,0.0,0.0,0.0,0.0,0.0,0.0,1372.0,1
app_103,,10085,56,0.25,61857,,,4.3,48000.0,,148000.0,Female,1977-02-19,49,0.0,0.0,0.0,0.0,0.0,0.0,0.0,693.0,0.0,0.0,0.0,0.0,0.0,0.0,0.0,693.0,1
app_090,,90297,41,0.05,25176,,,4.4,67000.0,,46000.0,Female,1991-05-25,34,776.0,0.0,0.0,106.0,0.0,0.0,0.0,0.0,728.0,0.0,0.0,0.0,0.0,0.0,0.0,1610.0,1
app_094,,10092,44,0.43,47525,,,4.3,28000.0,,111000.0,Male,1986-03-11,39,0.0,0.0,0.0,0.0,891.0,0.0,332.0,0.0,0.0,0.0,0.0,671.0,0.0,0.0,0.0,1894.0,1
app_343,,90275,26,0.18,33687,insufficient_credit_history,,,,,96000.0,Female,,,0.0,0.0,0.0,257.0,0.0,0.0,0.0,0.0,0.0,0.0,0.0,0.0,0.0,0.0,0.0,257.0,0
app_334,,10004,29,0.1,42204,,,4.4,57000.0,,83000.0,Male,,,0.0,349.0,0.0,0.0,0.0,0.0,0.0,0.0,0.0,445.0,0.0,0.0,0.0,0.0,0.0,794.0,1
app_403,,10054,96,0.09,55499,algorithm_risk_score,,,,,138000.0,Male,1977-01-19,49,0.0,0.0,0.0,0.0,0.0,0.0,0.0,0.0,0.0,291.0,0.0,0.0,0.0,0.0,0.0,291.0,0
app_447,,10071,48,0.19,28600,,,6.2,22000.0,,77000.0,Male,,,0.0,0.0,0.0,0.0,0.0,0.0,0.0,0.0,0.0,0.0,0.0,139.0,0.0,0.0,0.0,139.0,1
app_291,,10070,44,0.41,19247,,,4.3,67000.0,,79000.0,Male,1990-05-29,35,0.0,684.0,0.0,0.0,0.0,0.0,0.0,0.0,0.0,0.0,0.0,0.0,0.0,0.0,0.0,684.0,1
app_219,,90225,28,0.09,66409,insufficient_credit_history,debt_consolidation,,,,99000.0,Female,,,0.0,0.0,0.0,0.0,0.0,0.0,0.0,0.0,291.0,0.0,0.0,132.0,0.0,0.0,0.0,423.0,0
app_478,,90294,21,0.28,21504,,,2.9,52000.0,,74000.0,Female,1994-06-30,31,0.0,0.0,0.0,0.0,0.0,0.0,624.0,0.0,0.0,0.0,0.0,0.0,0.0,0.0,0.0,624.0,1
app_125,,90203,72,0.36,30414,algorithm_risk_score,,,,,77000.0,Female,1988-06-25,37,0.0,0.0,0.0,0.0,0.0,0.0,0.0,0.0,0.0,385.0,0.0,0.0,0.0,0.0,0.0,385.0,0
app_242,,90273,84,0.42,28348,algorithm_risk_score,moving,,,,51000.0,Male,1993-11-01,32,0.0,0.0,0.0,0.0,0.0,0.0,0.0,435.0,0.0,0.0,742.0,0.0,0.0,0.0,0.0,1177.0,0
app_423,,10026,66,0.28,40301,,,3.6,41000.0,,103000.0,Male,1992-08-16,33,0.0,0.0,0.0,0.0,0.0,0.0,0.0,331.0,437.0,0.0,0.0,0.0,0.0,0.0,0.0,768.0,1
app_438,,10090,35,0.22,7228,algorithm_risk_score,,,,,38000.0,Male,1995-12-19,30,0.0,0.0,0.0,136.0,0.0,612.0,0.0,0.0,745.0,0.0,0.0,0.0,0.0,0.0,0.0,1493.0,0
app_077,,90275,27,0.15,41449,algorithm_risk_score,,,,,86000.0,Female,1994-07-01,31,0.0,0.0,0.0,0.0,0.0,0.0,0.0,0.0,0.0,878.0,0.0,0.0,0.0,0.0,0.0,878.0,0
app_194,2024-01-15T00:00:00Z,90223,3,0.09,32385,algorithm_risk_score,,,,,80000.0,Female,1992-03-16,33,0.0,0.0,0.0,0.0,0.0,0.0,0.0,0.0,0.0,0.0,0.0,0.0,224.0,0.0,0.0,224.0,0
app_004,,90217,9,0.41,10327,high_dti_ratio,,,,,69000.0,Female,,,0.0,0.0,0.0,0.0,0.0,0.0,0.0,0.0,0.0,329.0,0.0,810.0,0.0,0.0,0.0,1139.0,0
app_189,2024-01-15T00:00:00Z,90255,71,0.06,41414,,,5.5,39000.0,,95000.0,Male,1966-05-31,59,0.0,0.0,0.0,0.0,0.0,0.0,0.0,0.0,0.0,0.0,605.0,156.0,0.0,0.0,0.0,761.0,1
app_357,,30007,3,0.09,33537,insufficient_credit_history,,,,,76000.0,Female,1992-09-28,33,0.0,0.0,0.0,0.0,0.0,0.0,0.0,0.0,0.0,0.0,0.0,0.0,889.0,0.0,0.0,889.0,0
app_281,,10071,26,0.29,39634,,,5.9,47000.0,,99000.0,Male,1988-06-09,37,0.0,0.0,0.0,0.0,0.0,0.0,0.0,0.0,0.0,527.0,0.0,0.0,0.0,0.0,0.0,527.0,1
app_034,,10013,53,0.36,38528,,,4.0,68000.0,,88000.0,Male,,,0.0,0.0,0.0,0.0,0.0,0.0,0.0,0.0,0.0,358.0,0.0,0.0,0.0,0.0,0.0,358.0,1
app_451,,10020,49,0.12,24958,,,3.1,40000.0,,101000.0,Male,1981-07-13,44,0.0,0.0,0.0,0.0,0.0,0.0,0.0,0.0,0.0,733.0,0.0,0.0,0.0,0.0,0.0,733.0,1
app_011,,90205,5,0.31,24246,algorithm_risk_score,,,,,89000.0,Female,1992-12-30,33,0.0,0.0,0.0,0.0,0.0,648.0,209.0,0.0,0.0,0.0,0.0,0.0,0.0,0.0,0.0,857.0,0
app_469,,90218,11,0.38,21972,algorithm_risk_score,,,,,47000.0,Female,,,0.0,320.0,0.0,0.0,0.0,0.0,0.0,0.0,0.0,0.0,353.0,0.0,0.0,0.0,0.0,673.0,0
app_248,,90258,111,0.2,41525,algorithm_risk_score,debt_consolidation,,,,84000.0,Female,1963-07-12,62,0.0,0.0,0.0,0.0,0.0,0.0,0.0,0.0,620.0,0.0,0.0,0.0,0.0,0.0,0.0,620.0,0
app_311,,90234,22,0.43,11285,,,4.2,44000.0,,85432.789123,Female,2001-02-10,25,0.0,0.0,0.0,0.0,0.0,0.0,0.0,0.0,285.0,0.0,0.0,716.0,0.0,0.0,0.0,1001.0,1
app_362,,90279,18,0.1,35720,algorithm_risk_score,,,,,70000.0,Female,2000-12-24,25,0.0,0.0,0.0,0.0,0.0,0.0,479.0,0.0,0.0,0.0,0.0,0.0,0.0,0.0,0.0,479.0,0
app_445,,90219,71,0.14,17179,,,3.1,79000.0,,86000.0,Female,1958-09-21,67,0.0,0.0,0.0,0.0,0.0,0.0,862.0,0.0,0.0,0.0,0.0,0.0,0.0,0.0,0.0,862.0,1
app_211,,90222,75,0.08,62775,algorithm_risk_score,education,,,,112000.0,Female,1988-08-19,37,0.0,0.0,0.0,0.0,0.0,0.0,0.0,0.0,0.0,0.0,0.0,136.0,0.0,0.0,0.0,136.0,0
app_118,,30038,87,0.34,47222,algorithm_risk_score,,,,,110000.0,Female,1959-01-01,67,0.0,0.0,0.0,0.0,0.0,0.0,0.0,0.0,209.0,0.0,0.0,0.0,754.0,0.0,0.0,963.0,0
app_496,,90211,40,0.31,23949,,,6.2,25000.0,,87000.0,Female,1979-12-11,46,0.0,0.0,0.0,0.0,0.0,175.0,0.0,0.0,0.0,0.0,0.0,0.0,0.0,0.0,0.0,175.0,1
app_282,,30017,66,0.07,32286,algorithm_risk_score,,,,,118000.0,Female,1978-07-03,47,0.0,0.0,0.0,0.0,0.0,0.0,0.0,399.0,0.0,0.0,0.0,0.0,0.0,0.0,0.0,399.0,0
app_300,,10094,0,0.39,40180,,,3.5,36000.0,,75000.0,Female,,,0.0,0.0,0.0,0.0,0.0,0.0,0.0,798.0,401.0,0.0,0.0,0.0,0.0,0.0,0.0,1199.0,1
app_253,,90241,91,0.29,27309,algorithm_risk_score,,,,,93000.0,Female,1970-11-08,55,0.0,0.0,0.0,223.0,0.0,0.0,0.0,0.0,0.0,0.0,0.0,0.0,0.0,0.0,0.0,223.0,0
app_393,,10048,21,0.14,10886,insufficient_credit_history,,,,,58000.0,Male,,,0.0,0.0,0.0,651.0,0.0,0.0,0.0,687.0,0.0,0.0,0.0,723.0,0.0,0.0,0.0,2061.0,0
app_292,,10002,125,0.24,63682,,,5.5,53000.0,,105000.0,Male,,,0.0,0.0,0.0,0.0,0.0,0.0,0.0,0.0,0.0,0.0,0.0,529.0,0.0,0.0,0.0,529.0,1
app_120,,90240,96,0.45,26517,algorithm_risk_score,,,,,103000.0,Female,,,0.0,0.0,0.0,590.0,0.0,0.0,0.0,0.0,0.0,0.0,808.0,0.0,0.0,0.0,0.0,1398.0,0
app_068,,90282,30,0.31,40791,,,4.9,20000.0,,75000.0,Female,1993-05-09,32,0.0,0.0,0.0,0.0,577.0,0.0,0.0,0.0,0.0,0.0,188.0,0.0,0.0,0.0,0.0,765.0,1
app_157,2024-01-15T00:00:00Z,10015,34,0.11,38281,,,5.9,51000.0,,110000.0,Female,,,387.0,0.0,0.0,0.0,0.0,0.0,0.0,0.0,0.0,0.0,0.0,0.0,0.0,0.0,646.0,1033.0,1
app_158,2024-01-15T00:00:00Z,90286,31,0.38,27666,algorithm_risk_score,,,,,74000.0,Female,1994-08-12,31,0.0,825.0,0.0,0.0,681.0,0.0,760.0,0.0,0.0,0.0,0.0,0.0,0.0,0.0,0.0,2266.0,0
app_409,,90292,70,0.18,15473,,,2.8,20000.0,,100000.0,Female,1988-03-18,37,0.0,0.0,0.0,0.0,292.0,0.0,0.0,0.0,0.0,0.0,285.0,0.0,0.0,0.0,0.0,577.0,1
app_150,2024-01-15T00:00:00Z,90208,49,0.25,38059,,,3.0,38000.0,,106000.0,Female,,,0.0,0.0,0.0,0.0,0.0,0.0,0.0,0.0,0.0,0.0,0.0,0.0,858.0,0.0,0.0,858.0,1
app_213,,10071,31,0.13,17081,,wedding,5.1,56000.0,,54000.0,Male,1999-09-23,26,0.0,0.0,0.0,0.0,0.0,0.0,0.0,0.0,0.0,0.0,0.0,0.0,522.0,0.0,0.0,522.0,1
app_361,,10013,19,0.2,54813,algorithm_risk_score,,,,,140000.0,Male,1985-03-10,40,0.0,0.0,0.0,0.0,0.0,0.0,0.0,0.0,0.0,753.0,0.0,0.0,0.0,0.0,0.0,753.0,0
app_040,,10015,51,0.19,28995,algorithm_risk_score,,,,,90000.0,Male,1983-05-05,42,0.0,0.0,0.0,0.0,0.0,0.0,499.0,0.0,0.0,0.0,0.0,0.0,0.0,0.0,0.0,499.0,0
app_003,,90213,74,0.43,7090,,,3.4,76000.0,,65000.0,Female,1982-08-24,43,0.0,0.0,0.0,0.0,450.0,0.0,0.0,0.0,0.0,0.0,0.0,0.0,0.0,0.0,0.0,450.0,1
app_433,,10010,28,0.14,26113,,,4.4,78000.0,,67000.0,Female,,,0.0,0.0,0.0,0.0,0.0,0.0,530.0,0.0,0.0,0.0,0.0,0.0,0.0,0.0,0.0,530.0,1
app_301,,90226,50,0.1,28502,algorithm_risk_score,,,,,65000.0,Female,1981-03-18,44,537.0,0.0,0.0,0.0,0.0,0.0,0.0,0.0,356.0,0.0,0.0,0.0,115.0,0.0,0.0,1008.0,0
app_153,2024-01-15T00:00:00Z,90222,56,0.36,11446,,,6.4,33000.0,,76000.0,Female,,,0.0,0.0,0.0,0.0,0.0,0.0,0.0,377.0,0.0,0.0,0.0,0.0,0.0,0.0,0.0,377.0,1
app_363,,10039,74,0.11,28378,,,6.2,37000.0,,86000.0,Male,1961-07-23,64,0.0,0.0,0.0,0.0,653.0,0.0,0.0,0.0,0.0,0.0,0.0,0.0,0.0,0.0,0.0,653.0,1
app_459,,10004,99,0.22,47221,,,4.5,52000.0,,114000.0,Male,,,0.0,0.0,0.0,0.0,0.0,0.0,0.0,237.0,0.0,0.0,0.0,0.0,0.0,0.0,0.0,237.0,1
app_265,,10044,67,0.14,12651,algorithm_risk_score,,,,,57000.0,Male,1964-10-01,61,0.0,0.0,0.0,0.0,491.0,0.0,0.0,0.0,0.0,0.0,0.0,0.0,0.0,0.0,0.0,491.0,0
app_243,,90293,34,0.15,36980,algorithm_risk_score,medical,,,,113000.0,Female,1981-12-25,44,0.0,0.0,0.0,0.0,0.0,0.0,0.0,0.0,0.0,0.0,0.0,0.0,89.0,0.0,0.0,89.0,0
app_399,,10083,116,0.31,34612,,,4.5,50000.0,,112000.0,Female,1983-09-17,42,0.0,0.0,0.0,0.0,0.0,0.0,0.0,0.0,0.0,0.0,0.0,630.0,0.0,0.0,0.0,630.0,1
app_326,,10075,2,0.4,12444,,,3.7,47000.0,,42000.0,Male,1985-06-28,40,0.0,0.0,0.0,0.0,0.0,0.0,0.0,0.0,0.0,819.0,872.0,584.0,0.0,0.0,0.0,2275.0,1
app_047,,90280,0,0.16,39861,,,5.6,32000.0,,101000.0,Female,1987-11-08,38,0.0,0.0,0.0,0.0,0.0,147.0,0.0,0.0,0.0,0.0,0.0,0.0,0.0,0.0,0.0,147.0,1
app_155,2024-01-15T00:00:00Z,90206,102,0.05,44295,,,4.2,61000.0,,100000.0,Male,1977-03-05,48,0.0,0.0,0.0,0.0,0.0,0.0,0.0,551.0,0.0,0.0,0.0,0.0,0.0,0.0,0.0,551.0,1
app_467,,90204,120,0.18,35398,,,5.1,78000.0,,75000.0,Female,1960-08-20,65,0.0,0.0,0.0,0.0,655.0,159.0,0.0,0.0,0.0,663.0,0.0,0.0,0.0,0.0,0.0,1477.0,1
app_268,,10005,102,0.07,54823,,,3.4,41000.0,,112000.0,Unknown,1971-05-14,54,0.0,0.0,0.0,0.0,0.0,0.0,0.0,0.0,0.0,0.0,267.0,0.0,0.0,0.0,751.0,1018.0,1
app_377,,90237,9,0.19,48943,,,4.5,40000.0,,116000.0,Female,1990-09-26,35,0.0,0.0,0.0,0.0,0.0,0.0,0.0,0.0,0.0,0.0,566.0,0.0,0.0,0.0,0.0,566.0,1
app_331,,10083,64,0.29,27261,algorithm_risk_score,,,,,88000.0,Male,1974-06-04,51,0.0,0.0,0.0,0.0,0.0,0.0,531.0,0.0,0.0,0.0,0.0,0.0,0.0,0.0,0.0,531.0,0
app_231,,10074,40,0.33,31025,,moving,6.0,62000.0,,78000.0,Male,1994-12-28,31,0.0,0.0,0.0,0.0,0.0,572.0,0.0,0.0,0.0,0.0,0.0,0.0,0.0,0.0,0.0,572.0,1
app_206,,10003,44,0.19,15112,algorithm_risk_score,wedding,,,,72000.0,Male,,,0.0,0.0,0.0,0.0,0.0,0.0,0.0,0.0,0.0,0.0,0.0,0.0,523.0,0.0,0.0,523.0,0
app_499,,90218,3,0.19,78838,,,4.1,62000.0,,111000.0,Female,1983-02-12,43,0.0,0.0,0.0,0.0,0.0,0.0,0.0,0.0,0.0,0.0,0.0,810.0,0.0,0.0,0.0,810.0,1
app_284,,90276,14,0.08,17759,,,2.7,52000.0,,56000.0,Female,,,0.0,0.0,0.0,0.0,0.0,0.0,0.0,174.0,0.0,0.0,0.0,0.0,0.0,0.0,0.0,174.0,1
app_358,,10060,47,0.35,6989,,,3.5,80000.0,,70000.0,Male,,,0.0,0.0,0.0,0.0,0.0,0.0,380.0,0.0,0.0,0.0,0.0,0.0,0.0,0.0,0.0,380.0,1
app_175,2024-01-15T00:00:00Z,10012,47,0.31,19411,,,3.8,51000.0,,46000.0,Male,,,0.0,0.0,0.0,0.0,0.0,0.0,0.0,0.0,0.0,0.0,630.0,0.0,290.0,0.0,0.0,920.0,1
app_389,,10001,12,0.33,17638,,,4.6,70000.0,,51000.0,Male,2001-04-30,24,0.0,0.0,0.0,0.0,0.0,0.0,0.0,0.0,0.0,337.0,0.0,0.0,0.0,0.0,0.0,337.0,1
app_302,,10016,53,0.29,27973,,,3.0,21000.0,,60000.0,Male,2000-03-23,25,0.0,0.0,0.0,0.0,0.0,0.0,0.0,0.0,693.0,0.0,0.0,0.0,726.0,0.0,0.0,1419.0,1
app_443,,10040,67,0.43,27879,,,5.5,31000.0,,101000.0,Male,1975-11-23,50,0.0,0.0,0.0,0.0,0.0,0.0,0.0,177.0,0.0,0.0,0.0,806.0,239.0,0.0,0.0,1222.0,1
app_217,,10079,56,0.23,47092,algorithm_risk_score,auto,,,,91000.0,Male,1986-12-22,39,0.0,0.0,0.0,633.0,147.0,0.0,0.0,0.0,0.0,0.0,0.0,0.0,0.0,0.0,0.0,780.0,0
app_380,,90294,48,0.08,26763,,,5.7,19000.0,,86000.0,Female,,,0.0,0.0,447.0,0.0,0.0,521.0,0.0,0.0,0.0,0.0,0.0,0.0,0.0,0.0,0.0,968.0,1
app_425,,10095,37,0.31,48632,,,5.7,59000.0,,144000.0,Male,1986-04-15,39,0.0,0.0,0.0,148.0,0.0,0.0,0.0,0.0,0.0,0.0,0.0,0.0,0.0,0.0,0.0,148.0,1
app_450,,90227,67,0.29,27374,algorithm_risk_score,,,,,89000.0,Female,,,0.0,0.0,0.0,742.0,0.0,0.0,0.0,0.0,0.0,0.0,0.0,0.0,0.0,0.0,0.0,742.0,0
app_181,2024-01-15T00:00:00Z,90284,79,0.44,36769,,,5.0,54000.0,,89000.0,Female,,,0.0,0.0,0.0,0.0,0.0,0.0,0.0,0.0,67.0,0.0,0.0,0.0,0.0,0.0,0.0,67.0,1
app_082,,10096,62,0.22,13436,,,3.2,27000.0,,52000.0,Female,1997-09-29,28,0.0,0.0,0.0,0.0,0.0,0.0,0.0,0.0,0.0,108.0,819.0,0.0,0.0,0.0,0.0,927.0,1
app_308,,10004,37,0.33,44154,,,5.2,76000.0,,100000.0,Male,1986-04-27,39,0.0,514.0,0.0,0.0,0.0,0.0,0.0,0.0,0.0,873.0,169.0,0.0,0.0,0.0,0.0,1556.0,1
app_402,,90214,27,1.85,37281,,,3.2,17000.0,,88000.0,Female,1965-07-03,60,0.0,0.0,0.0,0.0,0.0,0.0,0.0,0.0,0.0,0.0,0.0,0.0,482.0,0.0,0.0,482.0,1
app_333,,90254,48,0.19,20643,,,5.3,73000.0,,85000.0,Female,1982-01-02,44,0.0,0.0,0.0,0.0,83.0,0.0,0.0,0.0,0.0,0.0,0.0,0.0,0.0,0.0,0.0,83.0,1
app_116,,90224,38,0.09,41035,algorithm_risk_score,,,,,102000.0,Female,,,0.0,0.0,0.0,0.0,0.0,301.0,0.0,0.0,0.0,439.0,0.0,0.0,0.0,0.0,0.0,740.0,0
app_417,,10072,44,0.22,25271,,,4.7,48000.0,,63000.0,Male,1980-10-04,45,0.0,0.0,0.0,0.0,765.0,0.0,0.0,0.0,739.0,0.0,0.0,0.0,0.0,0.0,0.0,1504.0,1
app_316,,10003,16,0.3,25959,insufficient_credit_history,,,,,74000.0,Male,1989-07-02,36,0.0,0.0,0.0,0.0,0.0,0.0,774.0,0.0,642.0,0.0,0.0,0.0,0.0,0.0,0.0,1416.0,0
app_385,,90210,44,0.39,27401,,,5.0,76000.0,,86000.0,Female,1979-12-24,46,98.0,0.0,0.0,0.0,0.0,0.0,181.0,0.0,0.0,0.0,0.0,0.0,0.0,0.0,0.0,279.0,1
app_318,,10011,40,0.08,21717,algorithm_risk_score,,,,,68000.0,Female,1987-04-26,38,0.0,0.0,0.0,0.0,0.0,599.0,269.0,0.0,0.0,0.0,0.0,0.0,0.0,0.0,0.0,868.0,0
app_485,,90256,74,0.37,57352,,,3.7,72000.0,,108000.0,Female,,,0.0,0.0,0.0,0.0,0.0,0.0,164.0,0.0,0.0,0.0,0.0,0.0,765.0,0.0,0.0,929.0,1
app_235,,10012,16,0.28,12134,,medical,5.4,39000.0,,22000.0,Male,,,0.0,0.0,0.0,0.0,0.0,0.0,0.0,0.0,886.0,0.0,0.0,0.0,0.0,0.0,0.0,886.0,1
app_375,,90279,64,0.37,50611,,,5.9,17000.0,,120000.0,Female,,,0.0,0.0,0.0,0.0,0.0,0.0,0.0,0.0,418.0,0.0,0.0,0.0,0.0,0.0,0.0,418.0,1
app_455,,10020,64,0.12,29125,,,5.1,59000.0,,92000.0,Male,1981-02-13,45,0.0,0.0,0.0,0.0,0.0,863.0,0.0,508.0,0.0,0.0,0.0,0.0,0.0,0.0,0.0,1371.0,1
app_207,,90201,17,0.32,29372,algorithm_risk_score,vacation,,,,62000.0,Female,,,0.0,0.0,0.0,0.0,0.0,0.0,0.0,866.0,837.0,0.0,0.0,0.0,0.0,0.0,679.0,2382.0,0
app_006,,10048,24,0.21,0,,,6.2,27000.0,,82000.0,Male,1987-12-07,38,121.0,0.0,0.0,0.0,0.0,0.0,0.0,570.0,0.0,0.0,0.0,0.0,0.0,0.0,0.0,691.0,1
app_339,,10081,25,0.23,36367,,,4.8,15000.0,,107000.0,Female,,,0.0,0.0,0.0,0.0,0.0,641.0,0.0,0.0,0.0,91.0,0.0,0.0,0.0,0.0,0.0,732.0,1
app_183,2024-01-15T00:00:00Z,10003,12,0.17,1661,,,4.9,16000.0,,36000.0,Male,,,0.0,0.0,0.0,0.0,838.0,0.0,0.0,0.0,0.0,0.0,0.0,0.0,0.0,0.0,0.0,838.0,1
app_096,,10014,8,0.3,41724,algorithm_risk_score,,,,,84000.0,Male,1995-05-16,30,0.0,0.0,0.0,0.0,0.0,0.0,0.0,0.0,0.0,0.0,298.0,0.0,0.0,0.0,0.0,298.0,0
app_237,,10033,30,0.33,20775,algorithm_risk_score,business,,,,61000.0,Male,1995-05-14,30,0.0,0.0,0.0,0.0,0.0,235.0,0.0,0.0,0.0,0.0,0.0,0.0,877.0,0.0,0.0,1112.0,0
app_298,,10089,129,0.4,44612,,,3.5,57000.0,,94000.0,Male,1962-04-27,63,298.0,0.0,0.0,0.0,0.0,0.0,0.0,0.0,0.0,0.0,0.0,825.0,0.0,0.0,0.0,1123.0,1
app_026,,90229,69,0.31,34051,,,3.2,20000.0,,72000.0,Female,1981-06-14,44,0.0,0.0,0.0,260.0,0.0,0.0,0.0,0.0,634.0,0.0,0.0,220.0,0.0,0.0,0.0,1114.0,1
app_383,,10058,0,0.38,23113,,,4.9,43000.0,,62000.0,Male,1992-01-09,34,452.0,0.0,0.0,0.0,0.0,0.0,0.0,0.0,0.0,0.0,0.0,0.0,0.0,0.0,0.0,452.0,1
app_131,,90286,127,0.09,14930,,,5.8,32000.0,,85000.0,Female,1960-02-01,66,0.0,233.0,0.0,0.0,0.0,0.0,878.0,0.0,0.0,0.0,0.0,0.0,0.0,0.0,0.0,1111.0,1
app_440,,10009,80,0.28,25925,,,5.3,73000.0,,74000.0,Male,1990-01-01,36,0.0,0.0,0.0,0.0,0.0,0.0,0.0,0.0,0.0,0.0,562.0,0.0,0.0,0.0,0.0,562.0,1
app_138,,10036,56,0.24,26880,algorithm_risk_score,,,,,64000.0,Male,1963-01-08,63,0.0,0.0,0.0,0.0,0.0,0.0,305.0,371.0,0.0,0.0,0.0,0.0,0.0,848.0,0.0,1524.0,0
app_002,,10020,5,0.36,18200,algorithm_risk_score,,,,,41000.0,Male,1999-01-08,27,0.0,0.0,0.0,0.0,0.0,0.0,0.0,0.0,0.0,0.0,0.0,0.0,533.0,0.0,0.0,533.0,0
app_185,2024-01-15T00:00:00Z,10039,65,0.34,38690,,,5.6,24000.0,,60000.0,Male,1984-10-05,41,0.0,0.0,0.0,0.0,587.0,0.0,0.0,0.0,191.0,0.0,570.0,0.0,0.0,0.0,0.0,1348.0,1
app_267,,10056,65,0.19,40258,,,6.0,63000.0,,82000.0,Male,1976-01-24,50,723.0,0.0,0.0,0.0,0.0,0.0,0.0,0.0,0.0,394.0,0.0,133.0,0.0,0.0,0.0,1250.0,1
app_112,,90207,42,0.39,1863,,,3.2,57000.0,,56000.0,Female,1999-08-26,26,0.0,0.0,0.0,841.0,0.0,0.0,0.0,0.0,0.0,564.0,0.0,0.0,0.0,0.0,0.0,1405.0,1
app_030,,10063,30,0.37,28898,insufficient_credit_history,,,,,72000.0,Male,1989-12-03,36,0.0,0.0,0.0,0.0,874.0,0.0,0.0,0.0,0.0,0.0,0.0,0.0,0.0,0.0,0.0,874.0,0
app_018,,10096,18,0.2,11567,algorithm_risk_score,,,,,64000.0,Male,1991-12-23,34,167.0,723.0,0.0,0.0,0.0,0.0,0.0,0.0,0.0,0.0,0.0,0.0,0.0,0.0,0.0,890.0,0
app_239,,90260,118,0.25,10333,algorithm_risk_score,moving,,,,58000.0,Female,,,0.0,0.0,0.0,0.0,0.0,159.0,0.0,0.0,0.0,0.0,0.0,0.0,0.0,0.0,0.0,159.0,0
app_053,,10041,48,0.17,52330,,,5.8,74000.0,,101000.0,Male,,,0.0,0.0,0.0,0.0,0.0,0.0,0.0,538.0,0.0,0.0,0.0,0.0,0.0,0.0,0.0,538.0,1
app_341,,10035,50,0.21,15639,algorithm_risk_score,,,,,63000.0,Female,1991-05-13,34,0.0,0.0,0.0,0.0,0.0,363.0,0.0,0.0,0.0,0.0,0.0,0.0,0.0,0.0,0.0,363.0,0
app_142,2024-01-15T00:00:00Z,10050,66,0.34,15207,,,3.0,17000.0,,72000.0,Male,,,0.0,0.0,0.0,0.0,0.0,0.0,0.0,0.0,0.0,0.0,0.0,146.0,0.0,0.0,0.0,146.0,1
app_035,,90233,37,0.07,35656,,,5.3,40000.0,,81000.0,Female,1975-01-03,51,0.0,0.0,0.0,0.0,372.0,0.0,0.0,0.0,0.0,0.0,473.0,0.0,711.0,0.0,0.0,1556.0,1
app_406,,10099,56,0.08,52422,,,5.4,18000.0,,106000.0,Male,,,0.0,0.0,0.0,0.0,0.0,0.0,0.0,0.0,0.0,0.0,0.0,0.0,274.0,0.0,0.0,274.0,1
app_327,,90261,72,0.2,14626,algorithm_risk_score,,,,,40000.0,Female,1999-10-24,26,0.0,0.0,0.0,481.0,0.0,272.0,0.0,0.0,601.0,0.0,0.0,0.0,0.0,0.0,0.0,1354.0,0
app_066,,90214,20,0.36,11680,algorithm_risk_score,,,,,28000.0,Female,,,0.0,0.0,0.0,0.0,0.0,0.0,0.0,531.0,0.0,0.0,0.0,0.0,0.0,0.0,0.0,531.0,0
app_414,,10012,29,0.4,36303,,,5.2,57000.0,,76000.0,Male,1987-09-16,38,0.0,0.0,0.0,0.0,0.0,0.0,0.0,794.0,0.0,0.0,0.0,0.0,0.0,0.0,0.0,794.0,1
app_374,,90294,41,0.17,13259,algorithm_risk_score,,,,,81000.0,Female,1969-12-26,56,471.0,666.0,0.0,0.0,0.0,0.0,0.0,0.0,0.0,0.0,0.0,0.0,0.0,0.0,0.0,1137.0,0
app_198,2024-01-15T00:00:00Z,10057,0,0.12,21939,algorithm_risk_score,,,,,49000.0,Male,,,0.0,0.0,0.0,0.0,0.0,0.0,0.0,0.0,0.0,0.0,366.0,0.0,0.0,0.0,0.0,366.0,0
app_182,2024-01-15T00:00:00Z,10096,53,0.39,39743,,,2.9,40000.0,,102000.0,Male,1982-11-17,43,0.0,0.0,0.0,0.0,0.0,0.0,0.0,633.0,0.0,0.0,0.0,0.0,0.0,0.0,0.0,633.0,1
app_315,,10027,47,0.23,30944,algorithm_risk_score,,,,,81000.0,Male,,,0.0,0.0,0.0,0.0,0.0,0.0,0.0,0.0,760.0,0.0,0.0,0.0,0.0,0.0,0.0,760.0,0
app_161,2024-01-15T00:00:00Z,10067,16,0.07,21612,algorithm_risk_score,,,,,40000.0,Male,2001-06-04,24,0.0,0.0,0.0,155.0,0.0,0.0,0.0,0.0,0.0,0.0,0.0,0.0,0.0,0.0,0.0,155.0,0
app_328,,10076,28,0.12,35502,,,3.7,66000.0,,93000.0,Male,1982-07-06,43,0.0,0.0,0.0,0.0,178.0,219.0,0.0,336.0,0.0,0.0,0.0,0.0,0.0,0.0,0.0,733.0,1
app_415,,10002,32,0.06,37428,algorithm_risk_score,,,,,105000.0,Male,1994-12-01,31,0.0,0.0,0.0,804.0,0.0,0.0,0.0,0.0,0.0,0.0,0.0,0.0,764.0,0.0,0.0,1568.0,0
app_199,2024-01-15T00:00:00Z,30008,43,0.41,8346,algorithm_risk_score,,,,,68000.0,Male,1994-07-07,31,0.0,327.0,0.0,0.0,382.0,0.0,0.0,0.0,0.0,0.0,0.0,0.0,0.0,0.0,0.0,709.0,0
app_293,,90246,95,0.08,16304,,,3.4,46000.0,,102000.0,Female,1978-07-28,47,0.0,0.0,0.0,0.0,0.0,0.0,0.0,0.0,615.0,0.0,0.0,361.0,0.0,0.0,0.0,976.0,1
app_227,,90257,26,0.22,26111,algorithm_risk_score,debt_consolidation,,,,44000.0,Female,,,0.0,380.0,0.0,0.0,0.0,0.0,0.0,0.0,0.0,0.0,0.0,0.0,0.0,0.0,0.0,380.0,0
app_021,,90234,96,0.11,29386,,,4.7,40000.0,,100000.0,Female,,,0.0,0.0,0.0,0.0,513.0,0.0,0.0,0.0,0.0,0.0,0.0,0.0,0.0,0.0,0.0,513.0,1
app_233,,90232,64,0.19,21220,,wedding,4.4,42000.0,,70000.0,Female,1991-04-23,34,0.0,0.0,0.0,0.0,0.0,0.0,0.0,0.0,0.0,363.0,0.0,0.0,0.0,0.0,0.0,363.0,1
app_098,,10006,92,0.38,34427,algorithm_risk_score,,,,,92000.0,Male,1965-01-17,61,0.0,0.0,0.0,0.0,0.0,0.0,0.0,0.0,0.0,784.0,0.0,0.0,722.0,0.0,0.0,1506.0,0
app_482,,10008,61,0.33,23017,high_dti_ratio,,,,,98000.0,Male,,,0.0,0.0,0.0,0.0,0.0,0.0,0.0,172.0,0.0,152.0,0.0,0.0,646.0,0.0,0.0,970.0,0
app_146,2024-01-15T00:00:00Z,90262,102,0.2,24961,,,2.7,61000.0,,79000.0,Female,1970-04-26,55,73.0,0.0,0.0,0.0,0.0,0.0,0.0,0.0,0.0,0.0,0.0,0.0,687.0,0.0,0.0,760.0,1
app_140,,10047,76,0.15,16933,algorithm_risk_score,,,,,45000.0,Male,1973-06-27,52,315.0,0.0,0.0,0.0,0.0,0.0,0.0,0.0,487.0,0.0,0.0,0.0,0.0,0.0,0.0,802.0,0
app_431,,90203,129,0.4,24830,algorithm_risk_score,,,,,68000.0,Female,,,0.0,0.0,0.0,0.0,0.0,570.0,0.0,0.0,720.0,0.0,0.0,0.0,0.0,0.0,0.0,1290.0,0
app_287,,90285,82,0.35,31931,,,6.1,43000.0,,105000.0,Female,1980-09-19,45,0.0,0.0,0.0,0.0,0.0,0.0,0.0,0.0,0.0,0.0,331.0,0.0,571.0,0.0,0.0,902.0,1
app_244,,10074,56,0.08,17047,,education,3.2,26000.0,,79000.0,Male,,,0.0,0.0,0.0,0.0,0.0,0.0,0.0,0.0,500.0,0.0,0.0,0.0,0.0,0.0,0.0,500.0,1
app_113,,90272,45,0.22,11728,algorithm_risk_score,,,,,40000.0,Female,1997-04-18,28,0.0,0.0,0.0,0.0,0.0,0.0,0.0,0.0,0.0,723.0,359.0,0.0,0.0,0.0,0.0,1082.0,0
app_136,,10026,43,0.36,9624,,,5.8,72000.0,,29000.0,Male,1993-12-13,32,0.0,0.0,0.0,0.0,0.0,0.0,554.0,0.0,0.0,726.0,0.0,0.0,0.0,710.0,0.0,1990.0,1
app_152,2024-01-15T00:00:00Z,10012,26,0.16,21942,,,4.7,19000.0,,46000.0,Male,2001-07-27,24,0.0,0.0,0.0,0.0,893.0,0.0,0.0,0.0,0.0,0.0,0.0,0.0,0.0,0.0,0.0,893.0,1
app_022,,10081,94,0.09,43381,,,2.9,35000.0,,99000.0,Male,1972-05-15,53,0.0,0.0,0.0,0.0,0.0,0.0,0.0,0.0,61.0,0.0,176.0,0.0,0.0,0.0,0.0,237.0,1
app_048,,10064,36,0.2,30597,,,5.6,47000.0,,107000.0,Male,,,0.0,584.0,0.0,0.0,0.0,0.0,0.0,0.0,0.0,0.0,0.0,0.0,0.0,0.0,0.0,584.0,1
app_329,,90247,85,0.42,20278,algorithm_risk_score,,,,,55000.0,Female,1966-06-10,59,0.0,0.0,0.0,0.0,0.0,0.0,0.0,0.0,0.0,546.0,0.0,0.0,0.0,0.0,0.0,546.0,0
app_461,,90280,38,0.28,13390,algorithm_risk_score,,,,,46000.0,Female,1997-06-20,28,0.0,0.0,0.0,0.0,0.0,0.0,610.0,0.0,0.0,226.0,0.0,0.0,0.0,0.0,0.0,836.0,0
app_045,,90237,82,0.21,25982,algorithm_risk_score,,,,,76000.0,Female,1964-12-22,61,0.0,0.0,0.0,390.0,0.0,0.0,0.0,0.0,0.0,0.0,0.0,0.0,0.0,0.0,0.0,390.0,0
app_405,,90202,13,0.38,964,high_dti_ratio,,,,,48000.0,Female,1989-05-09,36,839.0,0.0,0.0,0.0,0.0,0.0,0.0,0.0,0.0,566.0,0.0,364.0,0.0,0.0,0.0,1769.0,0
app_001,,90230,37,0.42,0,high_dti_ratio,,,,,102000.0,Female,1986-05-27,39,0.0,0.0,0.0,0.0,0.0,576.0,0.0,0.0,0.0,0.0,0.0,0.0,0.0,0.0,0.0,576.0,0
app_089,,90251,98,0.22,23117,,,5.5,53000.0,,93000.0,Female,,,0.0,0.0,0.0,0.0,0.0,0.0,0.0,689.0,0.0,0.0,0.0,0.0,511.0,0.0,0.0,1200.0,1
app_197,2024-01-15T00:00:00Z,90284,83,0.21,37307,algorithm_risk_score,,,,,80000.0,Female,,,0.0,0.0,0.0,0.0,136.0,368.0,0.0,0.0,0.0,0.0,0.0,0.0,0.0,0.0,0.0,504.0,0
app_368,,10045,0,0.22,5045,algorithm_risk_score,,,,,29000.0,Male,1996-08-27,29,0.0,0.0,0.0,0.0,0.0,0.0,0.0,0.0,521.0,0.0,0.0,0.0,0.0,0.0,0.0,521.0,0
app_378,,10034,48,0.18,63712,,,4.3,56000.0,,131000.0,Male,1968-04-04,57,523.0,0.0,0.0,0.0,0.0,0.0,0.0,0.0,0.0,0.0,0.0,0.0,0.0,0.0,0.0,523.0,1
app_325,,10043,63,0.39,27810,algorithm_risk_score,,,,,79000.0,Female,,,0.0,191.0,0.0,0.0,0.0,0.0,0.0,0.0,0.0,0.0,0.0,0.0,0.0,0.0,0.0,191.0,0
app_041,,90205,76,0.06,85166,,,3.4,45000.0,,126000.0,Female,1972-10-10,53,0.0,0.0,0.0,419.0,0.0,0.0,0.0,0.0,172.0,0.0,0.0,0.0,0.0,0.0,0.0,591.0,1
app_009,,90261,15,0.08,39921,,,5.9,27000.0,,92000.0,Female,1989-11-20,36,0.0,0.0,0.0,0.0,0.0,0.0,718.0,0.0,0.0,0.0,0.0,0.0,0.0,0.0,0.0,718.0,1
app_470,,10062,40,0.43,32402,,,3.4,35000.0,,66000.0,Male,1984-01-04,42,0.0,0.0,0.0,0.0,170.0,0.0,0.0,0.0,0.0,0.0,0.0,867.0,0.0,0.0,0.0,1037.0,1
app_095,,10049,58,0.39,53274,,,5.0,51000.0,,116000.0,Male,1986-12-05,39,0.0,804.0,0.0,0.0,0.0,0.0,0.0,0.0,0.0,0.0,0.0,0.0,0.0,0.0,0.0,804.0,1
app_055,,10009,51,0.16,52179,,,4.3,51000.0,,104000.0,Male,1978-11-11,47,0.0,0.0,0.0,0.0,0.0,0.0,0.0,0.0,188.0,0.0,851.0,254.0,0.0,0.0,0.0,1293.0,1
app_428,,10053,78,0.19,29305,,,4.0,74000.0,,103000.0,Male,1963-02-08,63,0.0,0.0,0.0,0.0,0.0,0.0,0.0,0.0,0.0,68.0,0.0,0.0,0.0,0.0,0.0,68.0,1
app_366,,90211,47,0.34,19272,algorithm_risk_score,,,,,45000.0,Female,1990-11-30,35,0.0,0.0,0.0,194.0,51.0,0.0,0.0,0.0,0.0,0.0,396.0,0.0,0.0,0.0,0.0,641.0,0
app_187,2024-01-15T00:00:00Z,10085,52,0.3,31102,algorithm_risk_score,,,,,67000.0,Male,1990-06-27,35,0.0,0.0,0.0,0.0,0.0,428.0,0.0,0.0,0.0,0.0,0.0,0.0,0.0,0.0,0.0,428.0,0
app_188,2024-01-15T00:00:00Z,90263,64,0.17,45696,,,2.7,27000.0,,98000.0,Female,1987-03-04,38,0.0,0.0,0.0,0.0,0.0,0.0,449.0,0.0,0.0,0.0,269.0,0.0,0.0,0.0,0.0,718.0,1
app_129,,10059,54,0.17,30185,,,2.8,30000.0,,108000.0,Female,1985-05-18,40,0.0,0.0,0.0,0.0,0.0,0.0,334.0,0.0,0.0,0.0,0.0,0.0,0.0,0.0,0.0,334.0,1
app_091,,90218,36,0.12,33444,,,4.9,45000.0,,95000.0,Male,,,0.0,0.0,0.0,0.0,542.0,0.0,0.0,0.0,0.0,0.0,0.0,0.0,0.0,0.0,0.0,542.0,1
app_319,,90211,33,0.26,12428,insufficient_credit_history,,,,,55000.0,Female,1995-01-08,31,0.0,0.0,0.0,0.0,0.0,0.0,0.0,0.0,0.0,0.0,0.0,0.0,568.0,0.0,0.0,568.0,0
app_488,,90201,0,0.2,7021,algorithm_risk_score,,,,,33000.0,Female,1999-12-14,26,0.0,0.0,0.0,0.0,0.0,0.0,635.0,0.0,0.0,0.0,0.0,0.0,849.0,0.0,0.0,1484.0,0
app_295,,10070,56,0.3,47469,,,6.5,18000.0,,98000.0,Male,1988-02-20,38,0.0,0.0,706.0,0.0,0.0,0.0,674.0,0.0,0.0,0.0,0.0,0.0,0.0,0.0,0.0,1380.0,1
app_256,,10051,18,0.23,13079,,,3.7,69000.0,,55000.0,Male,,,0.0,0.0,0.0,0.0,0.0,0.0,0.0,0.0,79.0,0.0,178.0,0.0,0.0,0.0,0.0,257.0,1
app_221,,90247,34,0.45,17248,insufficient_credit_history,medical,,,,59000.0,Female,2000-04-21,25,0.0,0.0,0.0,0.0,0.0,0.0,158.0,0.0,0.0,0.0,0.0,0.0,0.0,0.0,0.0,158.0,0
app_139,,10006,76,0.06,25968,algorithm_risk_score,,,,,88000.0,Male,1972-12-13,53,0.0,0.0,0.0,0.0,0.0,0.0,0.0,0.0,617.0,0.0,0.0,0.0,0.0,0.0,0.0,617.0,0
app_038,,10012,27,0.14,19147,,,5.5,35000.0,,125000.0,Male,1979-06-04,46,0.0,0.0,0.0,0.0,201.0,0.0,0.0,0.0,0.0,0.0,0.0,0.0,0.0,0.0,0.0,201.0,1
app_495,,10069,80,0.34,24928,,,4.8,68000.0,,71000.0,Female,1963-05-16,62,0.0,0.0,0.0,0.0,0.0,441.0,0.0,0.0,0.0,0.0,0.0,0.0,0.0,0.0,0.0,441.0,1
app_480,,10001,70,0.19,25163,,,3.9,68000.0,,104000.0,Male,1969-01-11,57,0.0,0.0,0.0,0.0,0.0,0.0,0.0,171.0,0.0,0.0,0.0,0.0,0.0,0.0,0.0,171.0,1
app_202,,10097,29,0.11,14258,,auto,5.8,64000.0,,62000.0,Male,1996-02-24,30,0.0,263.0,0.0,0.0,73.0,0.0,512.0,0.0,0.0,0.0,0.0,0.0,0.0,0.0,0.0,848.0,1
app_209,,10010,51,0.15,51382,,moving,5.2,59000.0,,106000.0,Male,,,0.0,798.0,0.0,0.0,608.0,0.0,0.0,0.0,0.0,0.0,0.0,0.0,0.0,0.0,0.0,1406.0,1
app_426,,90255,105,0.09,49213,,,2.8,20000.0,,78000.0,Female,,,0.0,0.0,0.0,0.0,0.0,0.0,0.0,0.0,0.0,369.0,0.0,0.0,0.0,0.0,0.0,369.0,1
app_203,,10093,47,0.44,21458,,moving,3.0,51000.0,,58000.0,Male,1993-10-29,32,0.0,0.0,0.0,0.0,0.0,0.0,0.0,645.0,0.0,0.0,0.0,0.0,0.0,0.0,0.0,645.0,1
app_147,2024-01-15T00:00:00Z,10092,67,0.43,41974,,,4.9,65000.0,,79000.0,Male,1978-08-16,47,0.0,817.0,0.0,0.0,126.0,836.0,0.0,0.0,0.0,0.0,0.0,0.0,0.0,0.0,0.0,1779.0,1
app_069,,90237,93,0.25,11645,algorithm_risk_score,,,,,98000.0,Female,1961-04-14,64,0.0,0.0,0.0,0.0,0.0,0.0,540.0,0.0,0.0,0.0,0.0,0.0,0.0,0.0,0.0,540.0,0
app_395,,90226,3,0.08,72478,,,4.2,46000.0,,151000.0,Female,1985-09-26,40,0.0,0.0,0.0,0.0,0.0,0.0,0.0,0.0,0.0,0.0,0.0,0.0,818.0,0.0,0.0,818.0,1
app_123,,90272,82,0.23,39088,algorithm_risk_score,,,,,87000.0,Female,,,0.0,0.0,0.0,0.0,0.0,0.0,0.0,0.0,0.0,0.0,0.0,779.0,0.0,0.0,0.0,779.0,0
app_087,,90247,53,0.1,48204,,,3.2,35000.0,,94000.0,Female,1987-01-16,39,0.0,0.0,0.0,0.0,0.0,0.0,726.0,54.0,0.0,0.0,0.0,0.0,0.0,0.0,0.0,780.0,1
app_487,,10057,16,0.24,22759,algorithm_risk_score,,,,,60000.0,Male,1986-10-29,39,0.0,0.0,0.0,0.0,0.0,0.0,0.0,0.0,0.0,0.0,738.0,0.0,0.0,0.0,0.0,738.0,0
app_046,,90231,44,0.29,34688,algorithm_risk_score,,,,,122000.0,Female,1977-05-13,48,0.0,0.0,0.0,0.0,585.0,0.0,0.0,0.0,0.0,379.0,0.0,156.0,0.0,0.0,0.0,1120.0,0
app_058,,10067,114,0.35,50490,,,2.8,61000.0,,83000.0,Male,,,0.0,0.0,0.0,0.0,0.0,0.0,0.0,0.0,0.0,0.0,504.0,0.0,0.0,0.0,0.0,504.0,1
app_359,,90233,43,0.18,13540,algorithm_risk_score,,,,,65000.0,Female,1997-09-03,28,0.0,0.0,0.0,0.0,0.0,363.0,0.0,0.0,543.0,0.0,0.0,0.0,0.0,0.0,0.0,906.0,0
app_344,,30029,39,0.1,3885,low_income,,,,,27000.0,Male,,,0.0,0.0,0.0,0.0,0.0,0.0,0.0,0.0,0.0,0.0,0.0,0.0,751.0,0.0,0.0,751.0,0
app_124,,10025,54,0.18,11237,,,4.3,49000.0,,65000.0,Male,,,0.0,0.0,0.0,0.0,0.0,0.0,0.0,0.0,0.0,288.0,0.0,0.0,0.0,0.0,0.0,288.0,1
app_277,,90206,108,0.14,22838,,,6.4,23000.0,,75000.0,Female,,,0.0,222.0,0.0,0.0,0.0,0.0,0.0,0.0,0.0,0.0,0.0,0.0,0.0,0.0,0.0,222.0,1
app_044,,10021,50,0.07,19027,algorithm_risk_score,,,,,73000.0,Male,1992-02-02,34,0.0,0.0,0.0,0.0,0.0,526.0,0.0,0.0,0.0,0.0,0.0,0.0,0.0,0.0,0.0,526.0,0
app_190,2024-01-15T00:00:00Z,90297,0,0.14,19603,algorithm_risk_score,,,,,0.0,Female,1999-05-10,26,223.0,0.0,0.0,317.0,0.0,849.0,0.0,0.0,0.0,0.0,0.0,0.0,0.0,0.0,0.0,1389.0,0
app_373,,90273,5,0.3,19050,,,5.1,37000.0,,84000.0,Female,1988-07-31,37,0.0,0.0,0.0,0.0,417.0,844.0,0.0,0.0,0.0,0.0,0.0,0.0,0.0,0.0,0.0,1261.0,1
app_355,,90225,73,0.35,42888,,,4.6,24000.0,,100000.0,Male,1974-07-24,51,0.0,0.0,0.0,0.0,0.0,777.0,0.0,0.0,0.0,0.0,0.0,0.0,0.0,0.0,0.0,777.0,1
app_457,,90270,95,0.34,55610,,,6.2,34000.0,,126000.0,Female,,,0.0,526.0,0.0,0.0,0.0,0.0,0.0,0.0,0.0,0.0,0.0,683.0,0.0,0.0,444.0,1653.0,1
app_074,,10033,82,0.19,12904,low_income,,,,,39000.0,Male,,,0.0,517.0,194.0,0.0,0.0,0.0,0.0,0.0,0.0,0.0,0.0,0.0,0.0,0.0,0.0,711.0,0
app_312,,10079,0,0.39,12438,,,3.3,23000.0,,80000.0,Male,1995-11-03,30,0.0,0.0,0.0,0.0,0.0,0.0,0.0,0.0,686.0,0.0,530.0,0.0,0.0,0.0,0.0,1216.0,1
app_411,,10041,26,0.3,0,,,5.1,40000.0,,64000.0,Male,,,0.0,0.0,0.0,0.0,0.0,0.0,0.0,0.0,0.0,0.0,879.0,0.0,0.0,0.0,0.0,879.0,1
app_390,,90224,68,0.2,12310,,,5.3,63000.0,,68000.0,Female,1978-11-07,47,0.0,0.0,0.0,0.0,0.0,0.0,0.0,508.0,0.0,0.0,0.0,0.0,122.0,0.0,0.0,630.0,1
app_013,,90218,18,0.45,28706,,,3.9,70000.0,,57000.0,Female,1989-08-23,36,0.0,0.0,0.0,0.0,0.0,0.0,0.0,0.0,0.0,0.0,0.0,0.0,335.0,0.0,0.0,335.0,1
app_401,,10038,29,0.39,21830,high_dti_ratio,,,,,103000.0,Male,,,0.0,0.0,0.0,0.0,355.0,0.0,0.0,0.0,0.0,0.0,0.0,0.0,0.0,0.0,0.0,355.0,0
app_313,,90298,15,0.08,39223,,,4.6,52000.0,,112000.0,Female,1991-03-14,34,0.0,0.0,0.0,0.0,0.0,0.0,0.0,0.0,853.0,851.0,0.0,0.0,0.0,0.0,0.0,1704.0,1
app_418,,90272,82,0.05,70888,,,6.2,36000.0,,112000.0,Female,,,0.0,0.0,0.0,0.0,0.0,0.0,197.0,0.0,0.0,0.0,0.0,0.0,0.0,0.0,0.0,197.0,1
app_141,2024-01-15T00:00:00Z,10002,39,0.37,72682,,,3.2,37000.0,,125000.0,Male,1982-08-19,43,0.0,0.0,0.0,0.0,0.0,0.0,0.0,0.0,0.0,0.0,0.0,399.0,0.0,0.0,0.0,399.0,1
app_105,,90243,22,0.2,69276,,,3.6,75000.0,,116000.0,Female,1986-01-28,40,0.0,0.0,0.0,0.0,0.0,0.0,512.0,0.0,568.0,0.0,0.0,0.0,0.0,0.0,0.0,1080.0,1
app_159,2024-01-15T00:00:00Z,10084,89,0.22,61596,,,6.1,58000.0,,107000.0,Male,,,0.0,0.0,0.0,507.0,0.0,0.0,0.0,0.0,0.0,0.0,0.0,0.0,578.0,0.0,0.0,1085.0,1
app_051,2027-01-20T00:00:00Z,10060,77,0.2,9646,low_income,,,,,35000.0,Male,,,0.0,0.0,0.0,251.0,0.0,0.0,0.0,0.0,0.0,0.0,0.0,0.0,0.0,0.0,0.0,251.0,0
app_229,,90289,41,0.42,18019,,wedding,4.1,38000.0,,39000.0,Female,2000-07-31,25,0.0,0.0,0.0,0.0,0.0,0.0,0.0,0.0,0.0,0.0,0.0,359.0,686.0,0.0,0.0,1045.0,1
app_349,,10087,44,0.34,8641,,,6.3,19000.0,,78000.0,Male,,,0.0,0.0,0.0,0.0,0.0,567.0,463.0,0.0,0.0,0.0,0.0,0.0,0.0,0.0,0.0,1030.0,1
app_025,,90284,63,0.25,33294,algorithm_risk_score,,,,,72000.0,Female,1965-07-11,60,0.0,0.0,0.0,0.0,0.0,0.0,0.0,0.0,0.0,0.0,0.0,0.0,383.0,0.0,0.0,383.0,0
app_456,,10070,24,0.34,38163,,,6.5,74000.0,,84000.0,Male,1979-02-05,47,0.0,0.0,0.0,611.0,0.0,0.0,0.0,0.0,0.0,0.0,0.0,0.0,0.0,0.0,0.0,611.0,1
app_111,,10063,55,0.26,9507,,,3.2,70000.0,,42000.0,Male,1999-05-09,26,0.0,0.0,0.0,0.0,0.0,0.0,0.0,0.0,0.0,0.0,447.0,0.0,644.0,0.0,0.0,1091.0,1
app_180,2024-01-15T00:00:00Z,10002,52,0.43,30253,algorithm_risk_score,,,,,111000.0,Male,,,0.0,0.0,614.0,75.0,0.0,0.0,532.0,0.0,0.0,0.0,0.0,0.0,0.0,0.0,0.0,1221.0,0
app_350,,90291,52,0.2,14377,,,4.1,67000.0,,89000.0,Female,,,0.0,0.0,0.0,0.0,0.0,0.0,670.0,0.0,0.0,0.0,876.0,0.0,0.0,0.0,0.0,1546.0,1
app_061,,10073,54,0.27,27425,,,4.0,28000.0,,59000.0,Male,,,650.0,0.0,0.0,0.0,0.0,0.0,0.0,0.0,208.0,0.0,0.0,0.0,0.0,0.0,0.0,858.0,1
app_370,,10005,41,0.05,60601,,,5.9,48000.0,,126000.0,Male,,,0.0,854.0,0.0,0.0,0.0,0.0,0.0,455.0,196.0,0.0,0.0,0.0,0.0,0.0,0.0,1505.0,1
app_121,,10020,58,0.11,34768,,,3.3,66000.0,,90000.0,Male,,,546.0,0.0,0.0,753.0,0.0,0.0,0.0,432.0,0.0,0.0,0.0,0.0,0.0,0.0,0.0,1731.0,1
app_257,,90252,38,0.33,8646,,,4.4,58000.0,,68000.0,Female,,,0.0,0.0,0.0,0.0,0.0,0.0,0.0,0.0,0.0,0.0,556.0,0.0,0.0,0.0,0.0,556.0,1
app_466,,10055,47,0.4,34196,,,4.3,57000.0,,80000.0,Male,,,0.0,0.0,0.0,640.0,0.0,0.0,0.0,0.0,0.0,0.0,0.0,0.0,0.0,0.0,0.0,640.0,1
app_388,,90296,8,0.22,15898,algorithm_risk_score,,,,,100000.0,Female,1993-03-01,33,0.0,0.0,0.0,0.0,0.0,0.0,259.0,0.0,0.0,0.0,0.0,0.0,0.0,0.0,0.0,259.0,0
app_494,,10073,0,0.32,9358,insufficient_credit_history,,,,,32000.0,Male,,,0.0,0.0,0.0,0.0,0.0,0.0,825.0,0.0,0.0,0.0,0.0,0.0,668.0,0.0,0.0,1493.0,0
app_210,,90261,18,0.42,41892,,medical,4.8,40000.0,,66000.0,Female,1983-06-19,42,0.0,0.0,0.0,0.0,0.0,0.0,241.0,0.0,0.0,0.0,0.0,0.0,0.0,0.0,0.0,241.0,1
app_168,2024-01-15T00:00:00Z,10092,29,0.28,22361,,,6.1,65000.0,,71000.0,Male,1997-03-31,28,0.0,0.0,0.0,0.0,0.0,0.0,0.0,0.0,0.0,354.0,0.0,687.0,0.0,0.0,0.0,1041.0,1
app_097,,90262,33,0.26,22923,insufficient_credit_history,,,,,141000.0,Female,1976-09-11,49,0.0,0.0,0.0,0.0,0.0,442.0,0.0,0.0,0.0,0.0,0.0,0.0,0.0,0.0,216.0,658.0,0
app_432,,90273,8,0.18,24681,algorithm_risk_score,,,,,75000.0,Female,2001-04-10,24,0.0,453.0,0.0,0.0,0.0,0.0,0.0,0.0,0.0,0.0,0.0,0.0,0.0,0.0,0.0,453.0,0
app_023,,10019,55,0.08,27397,algorithm_risk_score,,,,,44000.0,Male,1998-07-21,27,0.0,0.0,0.0,0.0,0.0,555.0,0.0,0.0,0.0,0.0,372.0,661.0,0.0,0.0,0.0,1588.0,0
app_165,2024-01-15T00:00:00Z,10077,6,0.16,36936,,,5.6,53000.0,,66000.0,Male,,,0.0,0.0,0.0,435.0,0.0,0.0,0.0,508.0,0.0,0.0,0.0,0.0,0.0,0.0,0.0,943.0,1
app_020,,30014,55,0.38,60268,,,5.2,23000.0,,133000.0,Female,,,0.0,0.0,0.0,0.0,0.0,98.0,0.0,0.0,0.0,0.0,0.0,0.0,0.0,0.0,0.0,98.0,1
app_186,2024-01-15T00:00:00Z,10086,41,0.42,39117,,,6.0,72000.0,,115000.0,Male,1986-08-09,39,0.0,0.0,0.0,0.0,0.0,195.0,850.0,0.0,698.0,0.0,0.0,0.0,0.0,0.0,0.0,1743.0,1
app_310,,90284,27,0.37,18949,,,5.9,50000.0,,63000.0,Female,1990-06-03,35,0.0,0.0,730.0,0.0,0.0,0.0,0.0,0.0,0.0,0.0,451.0,0.0,0.0,0.0,0.0,1181.0,1
app_342,,10070,17,0.06,622,,,3.3,74000.0,,45000.0,Male,1983-06-28,42,0.0,0.0,0.0,0.0,0.0,0.0,206.0,0.0,0.0,0.0,0.0,0.0,0.0,0.0,0.0,206.0,1
app_086,,10030,15,0.17,50342,,,2.9,80000.0,,115000.0,Male,,,574.0,0.0,0.0,359.0,0.0,0.0,0.0,0.0,0.0,0.0,0.0,0.0,0.0,0.0,0.0,933.0,1
app_286,,10048,0,0.22,17452,,,5.4,46000.0,,85000.0,Male,1993-09-19,32,0.0,0.0,0.0,0.0,0.0,466.0,0.0,0.0,0.0,0.0,349.0,0.0,0.0,0.0,0.0,815.0,1
app_132,,10040,42,0.39,25146,,,5.6,32000.0,,82000.0,Male,,,0.0,0.0,0.0,0.0,91.0,575.0,0.0,0.0,0.0,0.0,0.0,0.0,0.0,0.0,0.0,666.0,1
app_296,,10072,57,0.45,44538,,,3.6,76000.0,,103000.0,Male,1987-11-07,38,0.0,0.0,0.0,0.0,0.0,0.0,0.0,0.0,0.0,0.0,0.0,0.0,157.0,0.0,0.0,157.0,1
app_249,,30043,82,0.08,44322,,home_improvement,4.7,73000.0,,121000.0,Male,1958-11-20,67,214.0,0.0,0.0,0.0,0.0,0.0,0.0,659.0,0.0,0.0,0.0,0.0,0.0,0.0,0.0,873.0,1
app_063,,90243,45,0.1,14715,,,4.0,57000.0,,55000.0,Female,1997-03-04,28,833.0,0.0,0.0,0.0,404.0,0.0,0.0,0.0,0.0,0.0,0.0,0.0,0.0,0.0,0.0,1237.0,1
app_314,,90266,31,0.3,19081,algorithm_risk_score,,,,,73000.0,Female,1996-03-01,30,0.0,0.0,0.0,0.0,0.0,0.0,0.0,0.0,726.0,0.0,0.0,0.0,449.0,0.0,0.0,1175.0,0
app_062,,90275,109,0.39,34015,,,3.1,16000.0,,64000.0,Female,1979-03-13,46,146.0,0.0,0.0,0.0,0.0,0.0,329.0,0.0,0.0,0.0,0.0,885.0,0.0,0.0,0.0,1360.0,1
app_137,,90205,53,0.19,13306,algorithm_risk_score,,,,,81000.0,Female,1990-04-18,35,0.0,0.0,0.0,0.0,0.0,0.0,0.0,717.0,0.0,0.0,0.0,0.0,0.0,0.0,0.0,717.0,0
app_336,,90293,39,0.09,27855,algorithm_risk_score,,,,,116000.0,Female,,,0.0,0.0,0.0,0.0,358.0,0.0,0.0,0.0,885.0,0.0,0.0,0.0,0.0,0.0,0.0,1243.0,0
app_322,,90246,0,0.42,12426,high_dti_ratio,,,,,84000.0,Female,,,0.0,0.0,0.0,0.0,897.0,0.0,0.0,0.0,0.0,0.0,0.0,0.0,0.0,0.0,0.0,897.0,0
app_473,,90244,0,0.21,13722,,,4.2,43000.0,,54000.0,Female,1991-08-26,34,0.0,0.0,0.0,0.0,0.0,0.0,0.0,169.0,0.0,0.0,0.0,0.0,0.0,0.0,0.0,169.0,1
app_122,,10057,61,0.26,14834,,,5.5,69000.0,,98000.0,Male,1964-12-12,61,0.0,0.0,0.0,0.0,0.0,0.0,0.0,685.0,888.0,0.0,782.0,0.0,0.0,0.0,0.0,2355.0,1
app_222,,90299,104,0.28,17483,algorithm_risk_score,personal,,,,102000.0,Female,1965-07-11,60,0.0,0.0,0.0,0.0,0.0,0.0,298.0,0.0,315.0,0.0,0.0,0.0,0.0,0.0,0.0,613.0,0
app_481,,90229,38,0.17,62154,,,3.3,56000.0,,142000.0,Female,,,0.0,0.0,0.0,725.0,0.0,0.0,0.0,0.0,0.0,0.0,0.0,0.0,0.0,0.0,0.0,725.0,1
app_218,,10083,80,0.43,22276,,medical,2.7,29000.0,,80000.0,Male,1982-09-04,43,0.0,0.0,0.0,0.0,0.0,0.0,0.0,0.0,240.0,0.0,0.0,0.0,0.0,0.0,0.0,240.0,1
app_476,,10082,118,0.44,8148,,,3.9,77000.0,,53000.0,Male,1975-01-09,51,0.0,279.0,0.0,0.0,0.0,0.0,187.0,667.0,0.0,0.0,0.0,0.0,0.0,0.0,0.0,1133.0,1
app_191,2024-01-15T00:00:00Z,90281,78,0.16,20428,algorithm_risk_score,,,,,98000.0,Female,1959-06-09,66,303.0,0.0,0.0,0.0,0.0,188.0,737.0,0.0,0.0,0.0,0.0,0.0,0.0,0.0,0.0,1228.0,0
app_177,2024-01-15T00:00:00Z,10004,35,0.05,25705,,,5.9,67000.0,,54000.0,Male,,,392.0,0.0,0.0,0.0,0.0,0.0,0.0,0.0,0.0,0.0,0.0,0.0,0.0,0.0,0.0,392.0,1
app_453,,10030,0,0.22,12529,insufficient_credit_history,,,,,28000.0,Male,,,0.0,0.0,0.0,0.0,0.0,0.0,0.0,0.0,372.0,0.0,0.0,145.0,0.0,0.0,0.0,517.0,0
app_269,,10009,44,0.32,88078,algorithm_risk_score,,,,,152000.0,Male,,,540.0,619.0,0.0,0.0,0.0,0.0,0.0,0.0,0.0,0.0,0.0,552.0,0.0,0.0,0.0,1711.0,0
app_273,,10033,88,0.26,24454,,,4.4,44000.0,,82000.0,Male,1995-02-22,31,604.0,0.0,0.0,0.0,0.0,0.0,0.0,0.0,163.0,0.0,0.0,0.0,0.0,0.0,0.0,767.0,1
app_472,,10080,53,0.44,16798,algorithm_risk_score,,,,,81000.0,Male,1977-09-04,48,0.0,0.0,0.0,0.0,0.0,798.0,0.0,0.0,0.0,0.0,0.0,132.0,0.0,0.0,0.0,930.0,0
app_224,,10052,81,0.12,53299,algorithm_risk_score,medical,,,,93000.0,Male,1968-04-06,57,0.0,0.0,0.0,0.0,0.0,0.0,131.0,0.0,0.0,0.0,0.0,0.0,0.0,0.0,0.0,131.0,0
app_012,,90220,71,0.22,38284,algorithm_risk_score,,,,,96000.0,Female,1972-09-26,53,408.0,567.0,0.0,0.0,0.0,0.0,0.0,0.0,0.0,0.0,0.0,0.0,0.0,0.0,0.0,975.0,0
app_437,,10033,59,0.33,33144,,,5.6,69000.0,,107000.0,Female,,,0.0,0.0,0.0,825.0,0.0,0.0,0.0,0.0,0.0,0.0,0.0,0.0,0.0,0.0,0.0,825.0,1
app_305,,10084,30,0.07,44145,,,5.6,49000.0,,100000.0,Male,1984-09-04,41,0.0,0.0,0.0,0.0,0.0,0.0,0.0,619.0,0.0,0.0,0.0,0.0,629.0,0.0,0.0,1248.0,1
app_266,,90202,16,0.13,20079,insufficient_credit_history,,,,,46000.0,Female,,,0.0,0.0,0.0,0.0,86.0,0.0,0.0,126.0,0.0,0.0,373.0,0.0,0.0,0.0,0.0,585.0,0
app_324,,90250,89,0.16,25814,algorithm_risk_score,,,,,96000.0,Female,,,0.0,0.0,0.0,0.0,0.0,0.0,453.0,0.0,0.0,0.0,0.0,0.0,0.0,0.0,0.0,453.0,0
app_049,,90278,92,0.36,31881,algorithm_risk_score,,,,,59000.0,Female,,,0.0,0.0,0.0,0.0,0.0,444.0,848.0,0.0,0.0,0.0,0.0,131.0,0.0,0.0,0.0,1423.0,0
app_468,,10046,35,0.35,8982,insufficient_credit_history,,,,,22000.0,Male,1999-05-23,26,0.0,0.0,0.0,0.0,0.0,0.0,0.0,0.0,0.0,701.0,0.0,0.0,0.0,0.0,0.0,701.0,0
app_192,2024-01-15T00:00:00Z,10088,40,0.22,34292,,,6.0,18000.0,,78000.0,Male,,,0.0,0.0,0.0,0.0,650.0,0.0,0.0,0.0,0.0,0.0,0.0,0.0,0.0,0.0,0.0,650.0,1
app_234,,10090,60,0.3,38703,algorithm_risk_score,education,,,,96000.0,Male,,,0.0,0.0,0.0,0.0,0.0,0.0,0.0,526.0,0.0,0.0,0.0,0.0,0.0,0.0,0.0,526.0,0
app_306,,90227,80,0.29,63560,,,3.1,57000.0,,106000.0,Female,1978-07-26,47,0.0,0.0,0.0,0.0,0.0,0.0,0.0,490.0,0.0,0.0,0.0,0.0,0.0,0.0,0.0,490.0,1
app_163,2024-01-15T00:00:00Z,10019,58,0.3,38425,,,2.9,47000.0,,104000.0,Male,,,404.0,0.0,0.0,0.0,0.0,0.0,0.0,0.0,0.0,0.0,0.0,0.0,0.0,0.0,0.0,404.0,1
